PAGE URL,h1_element,Li,Column 3,Column 4,Column 5,Column 6,Column 7,Column 8,Column 9,Column 10,Column 11,Column 12
https://printexpress.pl/en/product/winter-cap-original-patch-beanie-beechfield/,Winter cap Original Patch Beanie Beechfield - B445,100% soft acrylic (Heather Grey: 55% polyester / 45% acrylic).,Cotton patch (10×5 cm) for decoration,Two-layer,Turned edge,Tear-off label,,,,,,
https://printexpress.pl/en/product/winter-cap-woolly-ski-hat-result/,Winter cap Woolly Ski Hat Result - RC033X,3M™ patch,Double fabric,One size,Suitable for embroidery,Heat protection: 3M™ Thinsulate™,Can be washed,,,,,
https://printexpress.pl/en/product/polyester-bag-icon-gymsac/,Polyester bag Icon Gymsac - BG110,100% polyester,Detachable tag for easy branding,Hidden pocket-storage compartment,Thick drawstrings,300D polyester – 150 gsm,Waterproof,Delivery without contents/decoration,Capacity: 15 liters,,,
https://printexpress.pl/en/product/cap-flexfit-wooly-combed-cap/,Cap FLEXFIT Wooly Combed Cap - 6277,63% polyester / 34% cotton / 3% elastane,Sporty cut,Hard buckram,Silver bottom of the visor (Black/Black: black bottom).,Wool-like fabric structure,8 stitches on the visor,Non-adjustable (sizes),,,,
https://printexpress.pl/en/product/winter-beanie-original-cuffed-beanie-beechfield/,Winter beanie Original Cuffed Beanie Beechfield - B45,"100% acrylic (Ash, Granite: 51% polyester / 49% acrylic), (Heather Grey: 55% polyester / 45% acrylic), (Charcoal: 52% acrylic / 48% polyester).",knitted fabric,Soft-touch acrylic,Two-layer,Turned edge for decoration,,,,,,
https://printexpress.pl/en/product/mesh-cap-snapback-trucker-beechfield/,Mesh cap Snapback Trucker Beechfield - B640,"Front & visor: 100% cotton, Mesh: 100% polyester",Retro-style snapback closure,5 panels,Pre-profiled visor,In colors with white front panels same color of visor and mesh back,,,,,,
https://printexpress.pl/en/product/cap-5-panel-snapback-rapper-cap-beechfield/,Cap 5 Panel Snapback Rapper Cap Beechfield - B610,100% cotton twill,Retro-style snapback closure for size adjustment,Flat visor,100% cotton twill,Sticker on the visor,Peel-off tag for easy branding,Trimmed ventilation eyelets,5 panels,,,
https://printexpress.pl/en/product/cap-flexfit-classic-snapback/,Cap FLEXFIT Classic Snapback - 6089M,80% acrylic / 20% wool,Classic design,High quality wool blend,Snapback closure,Hard buckram,Green visor bottom (in Black/Black visor bottom black),Plastic buckle,,,,
https://printexpress.pl/en/product/cap-ultimate-6-panel-cap-beechfield/,Cap Ultimate 6 Panel Cap Beechfield - B18,100% cotton,Cotton Drill,Tear-off label,6 panels,Pre-profiled visor,Edged ventilation eyelets,Ideal for embroidery and printing,Rip-Strip™ Velcro closure,,,
https://printexpress.pl/en/product/cap-original-5-panel-cap-beechfield/,Cap Original 5 Panel Cap Beechfield - B10,100% cotton,100% cotton twill,Rip-Strip™ Velcro closure,5 panels,Pre-profiled visor,Edged ventilation eyelets,,,,,
https://printexpress.pl/en/product/cap-rap-5p-malfini/,Cap Rap 5p Malfini - 301,"Twill, 100% cotton",five-panel cut,glued front panel,flat visor with stitching,embroidered vents,sweat-absorbing headband,snapback – size adjustable with plastic straps,removable sticker on the visor,,,
https://printexpress.pl/en/product/cap-5p-malfini/,Cap 5P Malfini - 307,five-panel cut,bonded front panel,"embroidered, slightly curved visor",embroidered vents,sweat-absorbing headband,size adjustable with brass clip,,,,,
https://printexpress.pl/en/product/cap-6p-malfini/,Cap 6P Malfini - 305,"Combed twill, 100% cotton",six-panel cut,joined 2 front panels,"embroidered, slightly curved visor",embroidered vents,sweat-absorbing sweatband,size adjustable with brass clip,,,,
https://printexpress.pl/en/product/mens-light-crew-sweatshirt/,Men's Light Crew Sweatshirt Build Your Brand - BY010,Combed cotton,240 gsm,"100% cotton (Charcoal: 60% cotton / 40% polyester), (Heather Grey: 90% cotton / 10% viscose).",Neutral size label (no manufacturer’s logo),Straight-sewn sleeves,Bottom and sewn-in sleeves finished with overlock stitching,Typical cross stitching on the neckline trim,Reinforcement tape on the neck,"Ribbed welts on sleeves, bottom of blouse and neckline trim",Half-moon shaped yoke,Long cut
https://printexpress.pl/en/product/mens-heavy-zip-hoody-sweatshirt/,Men's Heavy Zip Hoody Sweatshirt Build Your Brand - BY012,65% cotton / 35% polyester,300 gsm,Brushed fabric inside,Neutral size label (without manufacturer’s logo),Two patch pockets,Straight-sewn sleeves,Half-moon shaped yoke,Hood with double stitching,Reinforcement tape on the neck,Hood with lining,Concealed zipper
https://printexpress.pl/en/product/mens-heavy-hoody-sweatshirt/,Men's Heavy Hoody Sweatshirt Build Your Brand - BY011,65% cotton / 35% polyester,300 gsm,Brushed fabric inside,Neutral size label (without manufacturer’s logo),Flat-fitting kangaroo pocket,Straight-sewn sleeves,Ribbed hem and sleeve cuffs,Half-moon shaped yoke,Hood with double stitching,Reinforcement tape at the neck,Hood with lining
https://printexpress.pl/en/product/womens-terry-zip-hoody-sweatshirt/,Women's Terry Zip Hoody Sweatshirt Build Your Brand - BY069,Black: 95% cotton / 5% elastane; Charcoal: 57% cotton / 38% polyester / 5% elastane,260 g/m²,Neutral size label,Neck reinforcement tape (printable),Reinforcement tape on the neck,Ribbed cuffs and hem,Hood with ties,Half-moon shaped yoke,Straight cut,Gerader Schnitt,"The clothing manufacturer allows a margin of size error of up to +/- 2,5 cm or 5%."
https://printexpress.pl/en/product/womens-heavy-hoody/,Women's Heavy Hoody Build Your Brand - BY026,65% cotton / 35% polyester,300 gsm,Brushed fabric inside,Neutral size label (without manufacturer’s logo),Flat-fitting kangaroo pocket,Straight-sewn sleeves,Ribbed hem and sleeve cuffs,Half-moon shaped yoke,Hood with outer fabric lining with two Viennese seams,Reinforcement tape at the neck,Long cut
https://printexpress.pl/en/product/oversize-sweatshirt/,Oversize sweatshirt Build Your Brand - BY074,65% cotton / 35% polyester,250 gsm,Neutral size label,Reinforcement tape on the neck (printable),Lowered shoulders,Reinforcement tape on the nape of the neck,Ribbed cuffs and hem of the sweatshirt,Hood with metal eyelets for a drawstring,Trouser in the same color finished with metal elements,Raw trim,Half-moon shaped yoke
https://printexpress.pl/en/product/womens-oversize-sweatshirt/,Women's oversize sweatshirt Build Your Brand - BY037,Loose terry fabric,"100% cotton (Grey: 90% cotton / 10% viscose), (Charcoal: 60% cotton / 40% polyester)",240 gsm,Neutral size label,Fashionable cut,Bottom and sleeves finished with a ribbed hem,Hood with single stitching,Hood with metal eyelets and flat ties,"The clothing manufacturer allows a margin of size error of up to +/- 2,5 cm or 5%.",,
https://printexpress.pl/en/product/womens-softshell-with-hood/,Women's softshell with hood B&C - JW937,"Exterior: 94% polyester / 6% elastane, Lining: 100% polyester",340 gsm,3-layer softshell,Tailored,"Adjustable, detachable, padded hood with ties",Zipper closure with chin protection flap,Raglan sleeves,Storm flap,Ergonomic sleeves,Front 2 zippered pockets,"Sleeve cuffs, adjustable with rubber Velcro patch"
https://printexpress.pl/en/product/mens-softshell-with-hood/,Men's softshell with hood B&C - JM950,"outside: 94% polyester / 6% elastane, inside + lining: 100% polyester",340 gsm,3-layer softshell,"Adjustable, detachable, padded hood with ties",Ergonomic sleeves,Zipper with chin protection flap,Internal storm flap,Front 2 zippered pockets,Chest pocket,Sewn-in sleeves,"Sleeve cuffs, adjustable with a rubber Velcro patch"
https://printexpress.pl/en/product/cropp-crew-womens-sweatshirt/,Cropp Crew women's sweatshirt Build Your Brand - BY131,Loose terry fabric,100% cotton,240 gsm,Short sweatshirt,Wide cuffs,"The clothing manufacturer allows a margin of size error of up to +/- 2,5 cm or 5%.",,,,,
https://printexpress.pl/en/product/childrens-softshell-with-hood/,Children's softshell with hood B&C - JK969,94% polyester / 6% elastane,340 g/m²,3-layer softshell,Detachable hood,Zipper with chin protection flap,Hanging handle,Identification tag,Sewn-in sleeves,Marking access: left side of chest,Storm flap,Flatlock seams
https://printexpress.pl/en/product/mens-micro-fleece/,Men's micro fleece Russell - R114X,Microfleece,200 gsm,Very lightweight,Fleece resistant to fleecing,2 side pockets,Quick-drying,Full length zipper,"The clothing manufacturer allows a margin of size error of up to +/- 2,5 cm or 5%.",,,
https://printexpress.pl/en/product/childrens-fleece-north/,Children's fleece North SOL's - L742K,100% polyester,300 g/m²,Short cut,Anti-moisture coating,Neck reinforcement tape,Lined collar,Zipper in fabric color,2 side pockets with wide piping,Elasticated cuffs,Crescent-shaped yoke,Bottom width adjustable with stoppers and trousers
https://printexpress.pl/en/product/womens-fleece-north/,Women's fleece North SOL's - L745,100% polyester,300 g/m²,"2 side pockets with zipper, shielded by padding",Non-moisture coating,Elastic cuffs,Short 1/4 zipper in the same color as the sweatshirt,Lined collar,Rounded back,Adjustable waistband with drawstring,"The clothing manufacturer allows a margin of size error of up to +/- 2,5 cm or 5%.",
https://printexpress.pl/en/product/mens-fleece-north/,Men's fleece North SOL's - L742,100% polyester,300 gsm,2 side zippered pockets shielded by a batting,Non-moisture coating,Elastic cuffs,Short 1/4 zipper in the color of the sweatshirt,Lined collar,Rounded back,Adjustable bottom with a drawstring,"The clothing manufacturer allows a margin of size error of up to +/- 2,5 cm or 5%.",
https://printexpress.pl/en/product/fleece-jacket-hi-q/,Fleece jacket HI-Q Malfini - 506,"Fleece, 100 % polyester, anti-pilling finish","Additional material: Rip Stop, 100 % polyamide, PU inner coating",highly insulating material,"shoulders covered with waterproof, abrasion-resistant material",inner part of the piping reinforced with a colorful strip of the outer material,full-length ankle zipper,pockets with dice zipper,bottom hem adjustable with elastic,adjustable sleeves with Velcro straps,anti-pilling finish on the outside,"The clothing manufacturer allows a margin of size error of up to +/- 2,5 cm or 5%."
https://printexpress.pl/en/product/mens-fleece-jacket/,Men's fleece Jacket Malfini - 501,"Fleece, 100% polyester",insulating material,inner part of the piping reinforced with a colorful strip of the outer material,full-length ankle zipper,pockets with ankle zipper,bottom hem adjustable with elastic drawstring,sleeves with elastic band,anti-pilling finish on the outside,"The clothing manufacturer allows a margin of size error of up to +/- 2,5 cm or 5%.",,
https://printexpress.pl/en/product/womens-fleece-jacket/,Women's fleece Jacket Malfini - 504,"Non-woven fabric, 100 % polyester",Insulating material,Slightly tailored cut,Inner piping reinforced with colored masking tape,Full-length ankle zipper,Pockets with full-length cube zipper,Elasticated hem at the bottom edge,sleeves with elastic band,Anti-pilling finish on the outside,"Available in two versions: with or without label in the side seam (see color combinations: LW, LB, EG, AB, GR, LG, LO, RD, MR, RB). Option with label only while stocks last.","The clothing manufacturer allows a margin of size error of up to +/- 2,5 cm or 5%."
https://printexpress.pl/en/product/childrens-t-shirt-valueweight-t-fruit-of-the-loom/,Children's T-shirt Valueweight T Fruit of the Loom - 61-033-0,"100% cotton (Heather Grey: 97% cotton / 3% polyester), (Dark Grey Heather, Retro Heather Green, Retro Heather Royal, Vintage Heather Navy, Vintage Heather Red: 50% cotton / 50% polyester)",165 gsm (White: 160 gsm).,Cotton ribbed neckline trim with Lycra®,Taping of the same material at the nape of the neck,Fine-weave fabric,"The clothing manufacturer allows a margin of size error of up to +/- 2,5 cm or 5%.",,,,,
https://printexpress.pl/en/product/mens-t-shirt-iconic-195-t-fruit-of-the-loom/,Men's T-shirt Iconic 195 T Fruit of the Loom - 61-422-0,"100% cotton (Ash Heather: 99% cotton / 1% polyester), (Heather Grey: 97% cotton / 3% polyester).",195 gsm (White: 190 gsm),100% combed ring-spun cotton,Soft grip,"Ribbed round neckline with cotton/elastane, finished with double stitching",Reinforcement tape across the shoulders,"The clothing manufacturer allows a margin of size error of up to +/- 2,5 cm or 5%.",,,,
https://printexpress.pl/en/product/womens-t-shirt-iconic-195-t-fruit-of-the-loom/,Women's T-shirt Iconic 195 T Fruit of the Loom - 61-424-0,"100% cotton (Ash Heather: 99% cotton / 1% polyester), (Heather Grey: 97% cotton / 3% polyester).",195 gsm (White: 190 gsm),100% combed ring-spun cotton,Soft grip,Contoured side seams for a feminine fit,Can be washed at up to 60°C,"Ribbed round neckline with added cotton/elastane, finished with double stitching",Reinforcement tape across the shoulders,"The clothing manufacturer allows a margin of size error of up to +/- 2,5 cm or 5%.",,
https://printexpress.pl/en/product/childrens-t-shirt-iconic-195-t-fruit-of-the-loom/,Children's T-shirt Iconic 195 T Fruit of the Loom - 61-363-0,100% cotton,190/195 gsm,100% ring-spun cotton,Classic cut,Tear-off label,Jersey fabric,Reinforcement tape on neck and shoulders,"The clothing manufacturer allows a margin of size error of up to +/- 2,5 cm or 5%.",,,
https://printexpress.pl/en/product/mens-t-shirt-valueweight-t-fruit-of-the-loom/,Men's T-shirt Valueweight T Fruit of the Loom - 61-036-0,"100% cotton (Ash Heather: 99% cotton / 1% polyester), (Heather Grey: 97% cotton / 3% polyester), (Dark Heather Grey, Heather Burgundy, Heather Purple, Retro Heather Green, Retro Heather Royal, Vintage Heather Navy, Vintage Heather Red: 50% cotton / 50% polyester)",165 gsm (White: 160 gsm).,Cotton ribbed neckline trim with Lycra® added.,Fine-weave fabric,Tape of the same fabric at the nape of the neck,"The clothing manufacturer allows a margin of size error of up to +/- 2,5 cm or 5%.",,,,,
https://printexpress.pl/en/product/polyester-backpack-urban/,Polyester backpack Urban - 70600,100% polyester,34.5 x 45 cm,210T Polyester,Stiffened corners with metal grommets,,,,,,,
https://printexpress.pl/en/product/womens-t-shirt-valueweight-t-fruit-of-the-loom/,Women's T-shirt Valueweight T Fruit of the Loom - 61-372-0,"100% cotton (Heather Grey: 97% cotton / 3% polyester), (Dark Heather Grey, Heather Burgundy, Heather Purple, Retro Heather Green, Retro Heather Royal, Vintage Heather Navy, Vintage Heather Red: 50% cotton / 50% polyester)",165 gsm (White: 160 gsm).,Cotton ribbed neckline trim with Lycra®,Taping of the same material at the nape of the neck,Contoured side seams for a feminine fit,Fine-weave fabric,"The clothing manufacturer allows a margin of size error of up to +/- 2,5 cm or 5%.",,,,
https://printexpress.pl/en/product/smart-womens-softshell/,Smart women's softshell Russell - Z040F,Softshell fabric,100% polyester,315 gsm,"Windproof, breathable, wind and frost protection",Du Pont™ Teflon® DWR waterproof coating,Bonded microfleece lining,Two zippered pockets,"Reinforcement tape on neck, extended back.","Zippered pockets, covered with batting",Headphone loop inside,"The clothing manufacturer allows a margin of size error of up to +/- 2,5 cm or 5%."
https://printexpress.pl/en/product/smart-mens-softshell/,Smart men's softshell Russell - Z040M,Softshell fabric,100% polyester,315 gsm,"Windproof, breathable, wind and frost protection",Du Pont™ Teflon® DWR waterproof coating,Bonded microfleece lining,Two zippered pockets,"Reinforcement tape on neck, extended back.","Zippered pockets, covered with batting",Headphone loop inside,
https://printexpress.pl/en/product/unbuttoned-hoodless-sweatshirt-for-men-adventure-malfini/,"Unbuttoned, hoodless sweatshirt for men, Adventure Malfini - 407","65% cotton, 35% polyester",300 gsm,straight cut with side sections,full-length metal zipper,stand-up collar and side parts made of 2:2 rib knit with 5% elastane added,inner part of trim finished with contrasting tape,patch pockets of kangaroo type,"bottom hem, cuffs and piping of pockets in rib knit 2:2 with 5% elastane",combed inner side,"The clothing manufacturer allows a margin of size error of up to +/- 2,5 cm or 5%.",
https://printexpress.pl/en/product/unbuttoned-hoodless-sweatshirt-womens-viva-malfini/,"Unbuttoned, hoodless sweatshirt, women's Viva Malfini - 409","97% cotton, 3% elastane (color 12 composition may vary – 64% cotton, 33% polyester, 3% elastane)",300 g/m²,stretch fabric that maintains shape,slim fit with side panels,full-length silver spiral zipper,stand-up collar and side parts made of 2:2 rib knit with 5% elastane added,inner part of the trim reinforced with a colored tape of the outer material,patch pockets of the kangaroo type,"bottom hem, cuffs and pocket piping in rib knit 2:2 with 5% elastane",combed inner side,"The clothing manufacturer allows a margin of size error of up to +/- 2,5 cm or 5%."
https://printexpress.pl/en/product/unbuttoned-hooded-sweatshirt-womens-trendy-zipper-malfini/,"Unbuttoned, hooded sweatshirt, women's Trendy Zipper Malfini - 411","65% cotton, 35% polyester (color 12 composition may vary – 85% cotton, 15% viscose)",fitted cut with side seams,full-length ankle zipper,lined hood with drawstring closure,inner back piping reinforced with a colorful strip from the face fabric,patch pockets of kangaroo type,bottom hem and cuffs of rib knit 2:2 with 5% elastane,combed inner side,"The clothing manufacturer allows a margin of size error of up to +/- 2,5 cm or 5%.",,
https://printexpress.pl/en/product/unbuttoned-hooded-sweatshirt-for-men-trendy-zipper/,Unbuttoned hooded sweatshirt for men Trendy Zipper Malfini - 410,"65% cotton, 35% polyester (color 12 composition may vary – 85% cotton, 15% viscose)",300 gsm,straight cut with side seams,full-length ankle zipper,lined hood with drawstring closure,neck piping reinforced with contrasting tape,patch pockets of kangaroo type,bottom hem and cuffs made of rib knit 2:2 with 5% elastane,combed inner side,"The clothing manufacturer allows a margin of size error of up to +/- 2,5 cm or 5%.",
https://printexpress.pl/en/product/womens-sweatshirt-kangaroo-cape-malfini/,"Women's sweatshirt, kangaroo, Cape Malfini - 414","65% cotton, 35% polyester",fitted cut with side seams,lined hood with drawstring closure,inner back hem reinforced with a colorful strip from the outer fabric,kangaroo pocket,bottom hem and sleeve cuffs made of 2:2 rib knit with 5% elastane,combed inner sidefitted cut with side seams,lined hood with drawstring closure,inner back hem reinforced with a colorful strip from the outer fabric,kangaroo pocket,bottom hem and sleeve cuffs made of 2:2 rib knit with 5% elastane
https://printexpress.pl/en/product/mens-sweatshirt-kangaroo-cape-malfini/,"Men's sweatshirt, kangaroo Cape Malfini - 413","65% cotton, 35% polyester",320 gsm,straight cut with side seams,lined hood with drawstring closure,inner back hem reinforced with a colorful strip from the outer fabric,kangaroo pocket,bottom hem and sleeve cuffs made of 2:2 rib knit with 5% elastane,combed inner side,"The clothing manufacturer allows a margin of size error of up to +/- 2,5 cm or 5%.",,
https://printexpress.pl/en/product/childrens-classic-sweatshirt-stanleystella-mini-changer-2-0/,Children's classic sweatshirt Stanley&Stella Mini Changer 2.0 - STSK181,The minimum order is a total of 20 garments. There can be different products from the brand and a mix of sizes and colors in one order.,Price depends on the color of t-shirt chosen (individual pricing),"Brushed, 100% cotton – Organic Ring Spun Combed, panel washed,",300 GSM,"1×1 ribbing at collar, sleeves and bottom of shirt",Inner neck band of single jersey fabric,Crescent of self fabric at neck with 3 mm double needle,Single top stitch at the collar,"2-needle top stitch centered on bottom seam, at cuffs and under arms","The clothing manufacturer allows a margin of size error of up to +/- 2,5 cm or 5%.",
https://printexpress.pl/en/product/cotton-bag-gymsac/,Cotton bag Gymsac - W110,100% cotton,140 gsm,Capacity: 12 liters,Item weight: approximately 85 g,Tied with a string,,,,,,
https://printexpress.pl/en/product/womens-classic-sweatshirt-stanleystella-dazzler/,Women's classic sweatshirt Stanley&Stella Dazzler - STSW125,The minimum order is a total of 20 garments. There can be different products from the brand and a mix of sizes and colors in one order.,Price depends on the color of t-shirt chosen (individual pricing),"French Terry, 85% Cotton – Organic Ring Spun Combed,15% Polyester – Recycled, Fabric washed, Light sueded,",300 GSM,Raglan sleeve,"1×1 rib at neck collar, sleeve hem and bottom hem",Inside herringbone back neck tape,"The clothing manufacturer allows a margin of size error of up to +/- 2,5 cm or 5%.",,,
https://printexpress.pl/en/product/classic-unisex-sweatshirt-stanleystella-changer-2-0/,Classic unisex sweatshirt Stanley&Stella Changer 2.0 - STSU178,The minimum order is a total of 20 garments. There can be different products from the brand and a mix of sizes and colors in one order.,Price depends on the color of t-shirt selected (individual pricing),"Brushed, 100% Cotton – Organic Ring Spun Combed, Fabric washed,",350 GSM,"1×1 rib at neck collar, sleeve cuff and bottom hem Inside back neck tape in Herringbone",Self fabric Half moon at back neck,Single needle topstitch at neck collar,"2 needle topstitch centred on seam at hem, cuff and armhole","The clothing manufacturer allows a margin of size error of up to +/- 2,5 cm or 5%.",,
https://printexpress.pl/en/product/childrens-unzipped-sweatshirt-stanleystella-mini-cultivator-2-0/,Children's unzipped sweatshirt Stanley&Stella Mini Cultivator 2.0 - STSK182,The minimum order is a total of 20 garments. There can be different products from the brand and a mix of sizes and colors in one order.,Price depends on the color of t-shirt chosen (individual pricing),"Brushed, 100% cotton – Organic Ring Spun Combed, panel washed,",300 GSM,Hood with fabric lining,Single jersey tape on inner neck seam,Crescent of own fabric on neck with double 3 mm needle,Single top stitch on neckline seam,1×1 ribbing at sleeves and bottom of blouse,"2-needle topstitch centered on the bottom seam, at the cuffs and under the arms",Kangaroo pocket with 1-needle 3 mm stitching
https://printexpress.pl/en/product/unisex-unzipped-sweatshirt-stanleystella-cultivator-2-0/,Unisex unzipped sweatshirt Stanley&Stella Cultivator 2.0 - STSU179,The minimum order is a total of 20 garments. There can be different products from the brand and a mix of sizes and colors in one order.,Price depends on the color of the T-shirt chosen (individual pricing),"Brushed, 100% cotton – Organic Ring Spun Combed, washed fabric",350 GSM,Double-lined hood,,,,,,
https://printexpress.pl/en/product/mens-softshell-jacket/,Men's Softshell Jacket Russell - Z140,3-layer breathable softshell fabric,92% polyester / 8% elastane,340 g/m²,Windproof and waterproof (5000 mm),Side pockets and chest pocket with lining and reversible zipper with drawcord,Zipper with rain flap and zipper protection at the collar,"Tiered hem, extended back and adjustable cuffs",Microfleece lining bonded to outer fabric,Tumble dry at low temperature,Can be washed at up to 40°C,"The clothing manufacturer allows a margin of size error of up to +/- 2,5 cm or 5%."
https://printexpress.pl/en/product/unisex-kangaroo-sweatshirt-stanleystella-cruiser-2-0/,Unisex kangaroo sweatshirt Stanley&Stella Cruiser 2.0 - STSU177,The minimum order is a total of 20 garments. There can be different products from the brand and a mix of sizes and colors in one order.,Price depends on the color of t-shirt chosen (individual pricing),"Brushed, 100% Cotton – Organic Ring Spun Combed, Fabric washed,",350 GSM,Double self fabric lined hood,Round drawcords in matching body colour,Closed end metal tipping and metal eyelets,Herringbone tape at insde back neck seam,Self fabric half moon at back neck,"2 needle topstitch centred on seam at hem, cuff and armhole",1×1 rib at sleeve hem and bottom hem
https://printexpress.pl/en/product/childrens-sweatshirt-stanleystella-mini-cruiser-2-0/,Children's sweatshirt Stanley&Stella Mini Cruiser 2.0 - STSK180,The minimum order is a total of 20 garments. There can be different products from the brand and a mix of sizes and colors in one order.,Price depends on the color of the T-shirt chosen (individual pricing),"Brushed, 100% Cotton – Organic Ring Spun Combed, Panel washed,",300 GSM,Double self Fabric lined hood,Inside back neck tape in single jersey,Self fabric half moon at back neck with 3 mm twin needle,Single needle topstitch at neckline seam,1×1 rib at sleeve hem and bottom hem,"2 needle topstitch centered on seam at hem, cuff and armhole",Kangaroo pocket with 1 needle 3 mm topstitch
https://printexpress.pl/en/product/childrens-t-shirt-heavy-cotton-gildan/,Children's T-shirt Heavy Cotton Gildan - 5100P,100% cotton (Sport Grey: 90% cotton / 10% polyester).,180 gsm (White: 170 gsm).,Medium thickness fabric,"Seamless, classic width, ribbed collar",Reinforcement tape on neck and shoulders for comfort and durability,"Classic cut, with side seams","Durable, tear-off label",CPSIA Tracking Label,"The clothing manufacturer allows a margin of size error of up to +/- 2,5 cm or 5%.",,
https://printexpress.pl/en/product/womens-softshell-jacket/,Women's Softshell Jacket Russell - Z140F,3-layer breathable softshell material,92% polyester / 8% elastane,340 g/m²,Windproof and water-repellent (5000 mm),Side pockets and chest pocket with lining and zipper with drawstring on both sides,Zipper with rain flap and zipper protection on the collar,"Trouser hem, extended back and adjustable cuffs",Microfleece lining bonded to outer fabric,Tumble dry on a low heat setting,Washable at up to 40°C,Tailor-made
https://printexpress.pl/en/product/t-shirt-heavy-cotton-youth-gildan/,T-shirt Heavy Cotton Youth Gildan - 5000B,"100% cotton (Ash Grey: 99% cotton / 1% polyester), (Sport Grey: 90% cotton / 10% polyester), (Graphite Heather: 50% cotton / 50% polyester).",180 gsm (White: 170 gsm).,Medium thickness fabric,"Seamless, classic width, ribbed collar",Reinforcement tape on neck and shoulders for comfort and durability,"Classic cut, no side seams","Durable, tear-off label",CPSIA Tracking Label,"The clothing manufacturer allows a margin of size error of up to +/- 2,5 cm or 5%.",,
https://printexpress.pl/en/product/mens-jersey-big-tank-top/,Men's Jersey Big Tank Top Build Your Brand - BY003,Single jersey,140 gsm,"100% cotton (Grey: 90% cotton / 10% viscose), (Charcoal: 60% cotton / 40% polyester).",Neutral size label (no manufacturer’s logo),Deep armholes and wide round neckline finished with piping,Double stitching at the bottom of the shirt,Long cut,"The clothing manufacturer allows a margin of size error of up to +/- 2,5 cm or 5%.",,,
https://printexpress.pl/en/product/cotton-backpack-easygo-malfini/,Cotton backpack Easygo Malfini - 922,"Linen weave, 100% cotton",195 gsm,medium weight cotton backpack,drawstring for adjustment,2 cotton strings in the color of the fabric,reinforced bottom corners with double fabric and metal rings,internal zippered pocket 20 x 23 cm,backpack size 47 x 37 cm,,,
https://printexpress.pl/en/product/womens-t-shirt-heavy-cotton-gildan/,Women's T-shirt Heavy Cotton Gildan - 5000L,"100% cotton (Sport Grey: 90% cotton / 10% polyester), (Dark Heather, Heather Sapphire, Graphite Heather: 50% cotton / 50% polyester).",180 gsm (White: 170 gsm).,Medium thickness fabric,"Seamless, classic width, ribbed collar",Reinforcement tape on neck and shoulders for comfort and durability,Short cap sleeves,"Slightly fitted cut, with side seams","Durable, tear-off label","The clothing manufacturer allows a margin of size error of up to +/- 2,5 cm or 5%.",,
https://printexpress.pl/en/product/mens-tank-top-sporty/,Men's tank top Sporty SOL's - L02073,100% polyester,140 gsm,Side seams,Piping on neckline trim and armpit line,Tear-off label,"The clothing manufacturer allows a margin of size error of up to +/- 2,5 cm or 5%.",,,,,
https://printexpress.pl/en/product/mens-t-shirt-heavy-cotton-gildan/,Men's T-shirt Heavy Cotton Gildan - 5000,"100% cotton (Ash Grey: 99% cotton / 1% polyester), (Antique Cherry Red, Antique Irish Green, Antique Jade Dome, Antique Orange, Antique Sapphire, Sport Grey: 90% cotton / 10% polyester), (Blackberry, Dark Heather, Lilac, Midnight, Russet, Sunset, Tweed, Heather Sapphire, Safety Pink, Graphite Heather: 50% cotton / 50% polyester)",180 gsm (White: 170 gsm).,Medium thickness fabric,"Seamless, classic width, ribbed collar",Reinforcement tape on neck and shoulders for comfort and durability,"Classic cut, no side seams","Durable, tear-off label","The clothing manufacturer allows a margin of size error of up to +/- 2,5 cm or 5%.",,,
https://printexpress.pl/en/product/womens-tank-top-sporty/,Women's tank top Sporty SOL's - L02117,100% polyester,140 g/m²,Side seams,Close-fitting cut,Racerback,Piping at neckline and armpit,Tear-off label,"The clothing manufacturer allows a margin of size error of up to +/- 2,5 cm or 5%.",,,
https://printexpress.pl/en/product/mens-long-sleeve-t-shirt/,Men's long sleeve t-shirt SOL's - 02071,100% polyester,140 gsm,Round neckline,Side seams,Fitted cut,Piping on neckline trim,Tear-off label,"The clothing manufacturer allows a margin of size error of up to +/- 2,5 cm or 5%.",,,
https://printexpress.pl/en/product/womens-long-sleeve-t-shirt-sporty/,Women's long sleeve t-shirt Sporty SOL's - 02072,100% polyester,140 gsm,Round neckline,Side seams,Fitted cut,Piping on neckline trim,Tear-off label,"The clothing manufacturer allows a margin of size error of up to +/- 2,5 cm or 5%.",,,
https://printexpress.pl/en/product/childrens-t-shirt-sporty/,Children's T-shirt Sporty SOL's - L198K,100% polyester,140 g/m²,Raglan sleeves,Double seams on the sleeves and at the bottom of the shirt,Longer back,"The clothing manufacturer allows a margin of size error of up to +/- 2,5 cm or 5%.",,,,,
https://printexpress.pl/en/product/womens-t-shirt-sporty/,Women's T-shirt Sporty SOL's - L200,100% polyester,140 gsm,Raglan sleeves,Double stitching on sleeves and bottom of shirt,Longer back,"The clothing manufacturer allows a margin of size error of up to +/- 2,5 cm or 5%.",,,,,
https://printexpress.pl/en/product/womens-polo-premium/,Women's polo Premium Fruit of the Loom - F520,"100% cotton (Athletic Heather: 90% cotton / 10% polyester), (Heather Grey: 97% cotton / 3% polyester).",180 gsm (White: 170 gsm).,"Women’s cut, side seams with side slits",Strip with 2 buttons in the color of the shirt,Ribbed 1×1 sleeve cuffs,"The clothing manufacturer allows a margin of size error of up to +/- 2,5 cm or 5%.",,,,,
https://printexpress.pl/en/product/childrens-t-shirt-sports-t/,Children's T-shirt Sports-T Stedman - ST8170,100% polyester,140 g/m²,100% ACTIVE-DRY° polyester; Interlock,Smooth and soft,Collar made of the same material,Reinforcement tape on the neck,Side seams,High-quality woven label on the collar,Tearaway® label in the side seam,Washable at up to 40°C,"The clothing manufacturer allows a margin of size error of up to +/- 2,5 cm or 5%."
https://printexpress.pl/en/product/womens-t-shirt-sports-t/,Women's T-shirt Sports-T Stedman - ST8100,100% polyester,140 g/m²,Narrow neck trim made from the same material,"Small, reflective ACTIVE-DRY ° logo on the back",Decorative flatlock seams on the shoulders,Smooth and elegant fabric,Care label in the side seam,Small size label on the neck,Side seams,Washable at up to 40°C,Tailored cut
https://printexpress.pl/en/product/mens-t-shirt-sports-t/,Men's T-shirt Sports-T Stedman - ST8000,100% polyester,140 gsm,"Small, reflective ACTIVE-DRY ° logo on the back",Smooth and elegant fabric,Decorative flatlock seams on the shoulders,Narrow neckline trim with piping in the same fabric,Small size label on the neck,Care label in side seam,Side seams,Can be washed at up to 40°C,Fitted cut
https://printexpress.pl/en/product/mens-t-shirt-sporty/,Men's T-shirt Sporty SOL's - L198,100% polyester,140 g/m²,Breathable,Quick-drying,Finely ribbed neckline,Raglan sleeves,Side seams,Extended back,"The clothing manufacturer allows a margin of size error of up to +/- 2,5 cm or 5%.",,
https://printexpress.pl/en/product/mens-polo-premium/,Men's polo Premium Fruit of the Loom - F511N,Piqué fabric,180 g/m² (white: 170 g/m²),3-button placket DTM,Side seams with slit,"The clothing manufacturer allows a margin of size error of up to +/- 2,5 cm or 5%.",,,,,,
https://printexpress.pl/en/product/mens-polo-regular/,Men's polo Regular JHK - JHK510,"100% cotton (Ash Melange: 98% cotton / 2% viscose), (Grey Melange: 85% cotton / 15% viscose)",210 gsm,Short sleeves,Piqué fabric,Button strip with 2 buttons,"Ribbed trim on neckline, sleeves and bottom of sweatshirt",Side seams with slit,"The clothing manufacturer allows a margin of size error of up to +/- 2,5 cm or 5%.",,,
https://printexpress.pl/en/product/womens-polo-regular/,Women's polo Regular JHK - JHK511,100% cotton (Grey Melange: 85% cotton / 15% viscose),200 gsm,Non-shrink combed cotton,Fitted polo shirt with short sleeves,Piqué fabric,Buttons in the same color as the fabric,3-button placket,"Ribbed trim on the neckline, sleeves and bottom of the sweatshirt",Side seams with slit,"The clothing manufacturer allows a margin of size error of up to +/- 2,5 cm or 5%.",
https://printexpress.pl/en/product/childrens-t-shirt-kids-t-shirt-jhk/,Children's T-shirt Kids´ T-Shirt JHK - TSRK150,"100% cotton (Ash Melange: 98% cotton / 2% viscose), (Grey Melange: 85% cotton / 15% viscose)",155 gsm,Short sleeves,Side seams,Ribbed 1×1 collar,Double stitching on the sleeves and at the bottom of the shirt,Reinforcement tape on neck and shoulders,"The clothing manufacturer allows a margin of size error of up to +/- 2,5 cm or 5%.",,,
https://printexpress.pl/en/product/childrens-t-shirt-baby-t-shirt-jhk/,Children's T-shirt Baby T-Shirt JHK - TSRB150,100% cotton (Grey Melange: 85% cotton / 15% viscose),155 gsm,Short sleeves,Ribbed 1×1 collar,2 buttons on the shoulder in size 0,Side seams,Reinforcement tape on the shoulders,"The clothing manufacturer allows a margin of size error of up to +/- 2,5 cm or 5%.",,,
https://printexpress.pl/en/product/womens-t-shirt-regular-jhk/,Women's T-shirt Regular JHK - TSRLCMF,"100% cotton (Grey Melange: 85% cotton / 15% viscose), (Heather Colors: 65% polyester / 35% cotton), (Denim Heather: 60% cotton / 40% polyester), (Fluor: 100% polyester)",145 gsm,Fitted children’s t-shirt,Side seams,Double stitching on the sleeves and at the bottom of the t-shirt,"The clothing manufacturer allows a margin of size error of up to +/- 2,5 cm or 5%.",,,,,
https://printexpress.pl/en/product/mens-t-shirt-regular-jhk/,Men's T-shirt Regular JHK - TSRA150,"100% cotton (Grey Melange: 85% cotton / 15% viscose), (Ash: 98% cotton / 2% viscose), (Heather Colors: 65% polyester / 35% cotton), (Denim Heather: 60% cotton / 40% polyester)",155 gsm,Short sleeves,No seams,CM side seams,Double stitching on the sleeves and at the bottom of the shirt,Reinforcement tape on neck and shoulders,Ribbed 1×1 collar,"The clothing manufacturer allows a margin of size error of up to +/- 2,5 cm or 5%.",,
https://printexpress.pl/en/product/mens-polo-pure-organic/,Men's polo Pure Organic Russell - R-508M-0,100% cotton,215 gsm,Modern cut,Pique,100% organic combed ring-spun cotton,Delicate ribbing on the cuffs,Button strip with decorative X-stitching,Smooth printing surface,Only neck label with size (and product number),Herringbone reinforcement tape at the nape of the neck,Side seams
https://printexpress.pl/en/product/womens-t-shirt-premium-jhk/,Women's t-shirt Premium JHK - TSRLPRM,100% cotton (Grey Melange: 85% cotton / 15% viscose),170 gsm,Fitted children’s t-shirt,Single jersey,Side seams,Double stitching on the sleeves and at the bottom of the t-shirt,"The clothing manufacturer allows a margin of size error of up to +/- 2,5 cm or 5%.",,,,
https://printexpress.pl/en/product/mens-t-shirt-premium-jhk/,Men's T-shirt Premium JHK - TSRA190,"100% cotton (Ash Melange: 98% cotton / 2% viscose), (Grey Melange: 85% cotton / 15% viscose)",180-185 gsm,Short sleeves,No side seams,Ribbed 1×1 collar,Double stitching on the sleeves and at the bottom of the shirt,Reinforcement tape on shoulders,Decatted,"The clothing manufacturer allows a margin of size error of up to +/- 2,5 cm or 5%.",,
https://printexpress.pl/en/product/polo-damskie-pure-organic/,Polo damskie Pure Organic Russell - R-508F-0,100% cotton,215 gsm,Modern cut,Pique,100% organic combed ring-spun cotton,Delicate ribbing on the cuffs,Button strip with decorative X-stitching,Smooth printing surface,Only neck label with size (and product number),Herringbone reinforcement tape at the nape of the neck,Side seams
https://printexpress.pl/en/product/mens-polo-classic/,Men's polo Classic Russell - R-569M-0,100% cotton,200 gsm (White: 195 gsm),Combed ring spun cotton,DTM 2-button placket,Reinforcement tape at the nape of the neck,Flat collar and sleeve ends,Reinforcement seams on the shoulders,Spare button in seam,Double stitching at the bottom of the shirt,Side seams with slit,"The clothing manufacturer allows a margin of size error of up to +/- 2,5 cm or 5%."
https://printexpress.pl/en/product/womens-polo-fitted-stretch/,Women's polo Fitted Stretch Russell - R-566F-0,95% cotton / 5% elastane (Light Oxford: 88% cotton / 7% viscose / 5% elastane),215 g/m² (White: 210 g/m²),Fitted cut,Slim-fit trim with 4 buttons,Ribbed cuffs and hem,"Modern, longer cut",Soft grip,Buttons in contrasting color,Short collar lapels,Decorative tape in the color of the shirt on the shoulders,Side seams with slit finished with herringbone tape
https://printexpress.pl/en/product/mens-polo-fitted-stretch/,Men's polo Fitted Stretch Russell - R-566M-0,95% cotton / 5% elastane (Light Oxford: 88% cotton / 7% viscose / 5% elastane),215 g/m² (white: 210 g/m²),Soft handle,"Tailored cut (fit, slim)",Buttons in contrasting color,Short collar flaps,Decorative tape in shirt color on the shoulders,Side seams with herringbone tape trim,"Modern, longer cut","The clothing manufacturer allows a margin of size error of up to +/- 2,5 cm or 5%.",
https://printexpress.pl/en/product/t-shirt-heavy-oversize-tee/,T-shirt Heavy Oversize Tee Build Your Brand - BY102,"100% cotton (Grey: 90% cotton / 10% viscose), (Charcoal: 60% cotton / 40% viscose)",240 gsm,Oversize T-shirt,Round neckline,Relaxed fit,Extended back,Classic cut,"Thick, soft cotton fabric",Ready to dye: unbleached/undyed cotton,"The clothing manufacturer allows a margin of size error of up to +/- 2,5 cm or 5%.",
https://printexpress.pl/en/product/womens-tanktop-byb/,Women's Tanktop Build Your Brand - BY019,100% cotton,140 gsm,Single jersey,Neutral size label (no manufacturer’s logo),Double stitching at the bottom,"Long, casual cut","The clothing manufacturer allows a margin of size error of up to +/- 2,5 cm or 5%.",,,,
https://printexpress.pl/en/product/childrens-sweatshirt-hooded-sweat-bc/,Children's sweatshirt Hooded Sweat B&C - WK681,80% cotton / 20% recycled polyester,280 g/m²,Certifications: recycled polyester Vegan Fair Working Conditions Oeko-Tex 100 Better cotton (BCI cotton),Combed ring-spun cotton / recycled polyester,Hood with lining without ties,Sweatshirt bottom and ribbed knit 1×1 sleeve cuffs,Sewn-on kangaroo pocket reinforced with extra stitching,Flatlock seams on the shoulders and at the armpit line,Side seams,"When you purchase this product from B&C, you are supporting responsible cotton production through Better Cotton*. B&C, sources 100% of the fiber for all cotton-based products sustainably. *This product comes from a mass balance system and therefore may not contain Better Cotton.","The clothing manufacturer allows a margin of size error of up to +/- 2,5 cm or 5%."
https://printexpress.pl/en/product/childrens-classic-sweatshirt-set-in-bc/,Children's Classic Sweatshirt Set In B&C - WK680,80% cotton / 20% recycled polyester,280 g/m²,Certifications: recycled polyester Vegan Fair Working Conditions Oeko-Tex 100 Better cotton (BCI cotton),Pre-washed combed ring-spun cotton / recycled polyester,"Neckline, cuffs and bottom hem finished with 1×1 ribbed knit with elastane blend",Modern cut,Side seams,"When you purchase this product from B&C, you are supporting responsible cotton production through Better Cotton*. B&C, sources 100% of the fiber for all cotton-based products sustainably. *This product comes from a mass balance system and therefore may not contain Better Cotton.","The clothing manufacturer allows a margin of size error of up to +/- 2,5 cm or 5%.",,
https://printexpress.pl/en/product/womens-t-shirt-oversized-boyfriend-tee/,Women's T-shirt Oversized Boyfriend Tee Build Your Brand - BY149,100% cotton,140 gsm,Fashionable oversize cut,Classic neckline,Wide sleeves,Single jersey,"The clothing manufacturer allows a margin of size error of up to +/- 2,5 cm or 5%.",,,,
https://printexpress.pl/en/product/t-shirt-oversized-sleeve-tee/,T-shirt Oversized Sleeve Tee Build Your Brand - BY256,100% cotton,Oversize cut with dropped shoulders,Particularly large sleeves,Round neckline,"The clothing manufacturer allows a margin of size error of up to +/- 2,5 cm or 5%.",,,,,,
https://printexpress.pl/en/product/childrens-unbuttoned-sweatshirt-hooded-full-zip-bc/,Children's unbuttoned sweatshirt Hooded Full Zip B&C - WK682,80% cotton / 20% recycled polyester,280 g/m²,Certifications: recycled polyester Vegan Fair Working Conditions Oeko-Tex 100 Better cotton (BCI cotton),Combed ring-spun cotton / recycled polyester,Color-matched covered zipper,3-panel hood with internal headphone loops,3-panel hood with single jersey lining,Two patch front pockets with reinforced seams,Headphone cord opening in right pocket,Flatlock seams on shoulders and armholes,Bottom of sweatshirt and ribbed knit sleeve cuffs 1×1
https://printexpress.pl/en/product/mens-unbuttoned-hooded-sweatshirt-bc/,Men's unbuttoned hooded sweatshirt B&C - WM646,80% cotton / 20% recycled polyester,280 g/m²,Certifications: recycled polyester Vegan Fair Working Conditions Oeko-Tex 100 Better cotton (BCI cotton),Combed ring-spun cotton / recycled polyester,Metal zipper,Stand-up collar,"Neckline, cuffs and bottom hem finished with 2×2 ribbed knit with elastane blend",Flatlock seams,2 side pockets,Side panels,"When you buy this product from B&C, you are supporting responsible cotton production through Better Cotton*. B&C, sources 100% of the fiber for all cotton-based products sustainably. *This product is sourced from a mass balance system and therefore may not contain Better Cotton."
https://printexpress.pl/en/product/mens-classic-sweatshirt-set-in-bc/,Men's Classic Sweatshirt Set In B&C - WU01W,"80% cotton / 20% recycled polyester (Heather Mid Grey, Heather Navy, Heather Asphalt, Heather Red, Heather Dark Green, Heather Royal Blue, Heather Purple: 60% cotton / 40% polyester), (Heather Grey: 92% cotton / 8% viscose)",280 gsm,Certifications: recycled polyester Vegan Fair Working Conditions Oeko-Tex 100 Better cotton (BCI cotton).,Pre-washed combed ring-spun cotton / recycled polyester,Side seams,Half-moon single jersey yoke,Unlined fabric,“B&C No Label” solution for easy rebranding,Easy size identification thanks to the neck label,"When you purchase this product from B&C, you are supporting responsible cotton production through Better Cotton*. B&C, sources 100% of the fiber for all cotton-based products sustainably. *This product comes from a mass balance system and therefore may not include Better Cotton.","The clothing manufacturer allows a margin of size error of up to +/- 2,5 cm or 5%."
https://printexpress.pl/en/product/womens-zip-up-hoodie-king-bc/,Women's zip-up hoodie King B&C - WW03Q,"80% cotton / 20% recycled polyester (Heather Grey: 75% cotton / 21% polyester / 4% viscose), (Heather Mid Grey: 60% cotton / 40% polyester)",280 gsm,Certifications: recycled polyester Vegan Fair Working Conditions Oeko-Tex 100 Better cotton (BCI cotton),Pre-washed combed ring-spun cotton in the same color / recycled polyester,Side seams,Single jersey lining in the hood,Flat ties with metal ends,Reinforcement tape on the neck,Covered metal zipper,Crescent-shaped single jersey yoke,Extremely soft to the touch
https://printexpress.pl/en/product/mens-zip-up-hoodie-king-bc/,Men's zip-up hoodie King B&C - WU03K,"80% cotton / 20% recycled polyester (Heather Grey: 75% cotton / 21% polyester / 4% viscose), (Heather Mid Grey: 60% cotton / 40% polyester)",280 gsm,Certifications: recycled polyester Vegan Fair Working Conditions Oeko-Tex 100 Better cotton (BCI cotton),Pre-washed combed ring-spun cotton / recycled polyester,Side seams,Single jersey lining in the hood,Flat ties with metal ends,Durable reinforcement tape at the neck,Covered metal zipper,Half-moon single jersey yoke,Brushed fabric inside
https://printexpress.pl/en/product/womens-classic-sweatshirt-set-in-bc/,Women's Classic Sweatshirt Set In B&C - WW02W,"80% cotton / 20% recycled polyester (Heather Mid Grey, Heather Navy, Heather Asphalt, Heather Red, Heather Dark Green, Heather Royal Blue, Heather Purple: 60% cotton / 40% polyester), (Heather Grey: 92% cotton / 8% viscose)",280 gsm,Certifications: recycled polyester Vegan Fair Working Conditions Oeko-Tex 100 Better cotton (BCI cotton).,Pre-washed combed ring-spun cotton in the same color / recycled polyester,Side seams,Half-moon single jersey yoke,Unlined fabric,“B&C No Label” solution for easy rebranding,Easy size identification thanks to the neck label,"When you purchase this product from B&C, you are supporting responsible cotton production through Better Cotton*. B&C, sources 100% of the fiber for all cotton-based products sustainably. *This product comes from a mass balance system and therefore may not include Better Cotton.","The clothing manufacturer allows a margin of size error of up to +/- 2,5 cm or 5%."
https://printexpress.pl/en/product/mens-kangaroo-king-bc/,Men's kangaroo King B&C - WU02K,"80% cotton / 20% polyester (Heather Grey: 75% cotton / 21% polyester / 4% viscose), (Heather Mid Grey: 60% cotton / 40% polyester)",280 g/m²,Certified: recycled polyester Vegan Fair Working Conditions Oeko-Tex 100 Better cotton (BCI cotton),Pre-washed combed ring-spun cotton / recycled polyester,Side seams,Single jersey lining in hood,Flat ties with metal ends,Durable reinforcement tape at the nape of the neck,Crescent-shaped single jersey yoke,Brushed fabric inside,Easy size identification
https://printexpress.pl/en/product/childrens-jacket-performance/,Children's jacket Performance Malfini - 535,"Softshell: 94% polyester, 6% elastane",TPU membrane,"Micro fleece: 100 % polyester, anti-pilling finish water resistance 14,000 mm, breathability 2,000 g/m²/24 hr.",3-layer softshell with membrane,full-length inverted zipper with chin protection,detachable hood,Velcro adjustable sleeve hems,bottom hem adjustable with elastic drawstring,pockets with inverted spiral zipper,chest pocket,inner zippered pocket with access to branding
https://printexpress.pl/en/product/womens-kangaroo-king-bc/,Women's Kangaroo King B&C - WW02Q,"80% cotton / 20% polyester (Heather Grey: 75% cotton / 21% polyester / 4% viscose), (Heather Mid Grey: 60% cotton / 40% polyester)",280 gsm,Certifications: recycled polyester Vegan Fair Working Conditions Oeko-Tex 100 Better cotton (BCI cotton),Pre-washed combed ring-spun cotton in the same color / recycled polyester,Side seams,Single jersey lining in the hood,Flat ties with metal ends,Reinforcement tape on the neck,Half-moon single jersey yoke,Extremely soft to the touch,Brushed fabric inside
https://printexpress.pl/en/product/womens-jacket-performance/,Women's jacket Performance Malfini - 521,"Softshell: 94% polyester, 6% elastane",TPU membrane,"Micro fleece: 100 % polyester, anti-pilling finish","Water resistance 14,000 mm, breathability 2,000 g/m²/24 hr.",3-layer softshell with membrane,cut slightly slim,full-length reversible zipper with chin protection,detachable hood,Velcro adjustable sleeves,bottom hem adjustable with elastic drawstring,pockets with inverted spiral zipper
https://printexpress.pl/en/product/mens-jacket-performance/,Men's jacket Performance Malfini - 522,"softshell: 94% polyester, 6% elastane",TPU membrane,"Micro fleece: 100 % polyester, anti-pilling finish water resistance 14,000 mm, breathability 2,000 g/m²/24 hr.",3-layer softshell with membrane,full-length inverted zipper with chin protection,detachable hood,Velcro adjustable sleeves,bottom hem adjustable with elastic drawstring,pockets with inverted spiral zipper,zipper,chest pocket
https://printexpress.pl/en/product/ladies-t-shirt-cropped-tee/,Ladies' T-shirt Cropped Tee Build Your Brand - BY042,95% cotton / 5% elastane (Grey: 85% cotton / 10% viscose / 5% elastane),180 gsm,95% cotton / 5% elastane (Grey:,Single jersey,Neutral size label,Reinforcement tape on the neck (printable),Short cut,Fitted cut,85% cotton / 10% viscose / 5% elastane),"The clothing manufacturer allows a margin of size error of up to +/- 2,5 cm or 5%.",
https://printexpress.pl/en/product/mens-sweatshirt-with-pocket-inspire-bc/,Men's sweatshirt with pocket Inspire B&C - WU33B,80% cotton / 20% recycled polyester (Heather Grey: 71% cotton / 25% polyester / 4% viscose),280 g/m²,Certifications: organic cotton recycled polyester Vegan Fair Working Conditions Oeko-Tex 100 Organic Cotton in Conversion,Combed ring-spun cotton certified Organic or Organic In Conversion Cotton / recycled polyester,Pockets in side seams,Side seams,Crescent single jersey yoke,Single jersey,Lined hood,High-quality herringbone weave Neck reinforcement tape and fashionable trousers,Inside brushed fabric
https://printexpress.pl/en/product/womens-sweatshirt-with-pocket-inspire-bc/,Women's sweatshirt with pocket Inspire B&C - WW34B,80% cotton / 20% recycled polyester (Heather Grey: 71% cotton / 25% polyester / 4% viscose),280 g/m²,Certifications: organic cotton recycled polyester Vegan Fair Working Conditions Oeko-Tex 100 Organic cotton in conversion,Organic combed ring-spun cotton or organic cotton / recycled polyester,Pockets in side seams,Side seams,Half-moon single jersey yoke,Single jersey lining in the hood,Herringbone weave neck reinforcement tape and fashionable ties,Inside brushed fabric,“B&C No Label” solution for easy rebranding
https://printexpress.pl/en/product/russell-classic-sweatshirt/,Russell classic sweatshirt - Z262,Combed ring spun cotton,280 gsm,"80% cotton / 20% polyester,",Outer fabric: 100% cotton,3-layer fabric,Sewn-in sleeves,"Simple, modern cut",Wide ribbing on sleeves and bottom of sweatshirt,Narrower shoulders and arms,"Concealed seam on shoulders, cuffs and hem",Herringbone pattern reinforcement tape at the nape of the neck
https://printexpress.pl/en/product/childrens-kangaroo-sweatshirt/,Children's kangaroo sweatshirt Russell - Z265K,Straight cut,280 gsm,"Outside: 100% cotton, inside: 80% cotton / 20% polyester",Herringbone neck reinforcement tape,Side seams,Bottom and cuffs with wider cut with elastane,"Concealed stitching on shoulders, cuffs and hem",No ties,Double-layered hood,Kangaroo pocket,Combed fleece
https://printexpress.pl/en/product/childrens-unzipped-sweatshirt/,Children's unzipped sweatshirt Russell - Z266K,Straight cut,280 gsm,"Outside: 100% cotton, inside: 80% cotton / 20% polyester",Herringbone neck reinforcement tape,Side seams,Bottom and cuffs with wider cut with elastane,"Concealed stitching on shoulders, cuffs and hem",No ties,Double-layered hood,Ribbed hem with elastane on sleeves and hem,Side drop-in pockets
https://printexpress.pl/en/product/womens-unbuttoned-sweatshirt-russell/,Women's unbuttoned sweatshirt Russell - Z266F,Combed ring spun cotton,280 gsm,"80% cotton / 20% polyester,",Outer fabric: 100% cotton,3-layer fabric,"Simple, modern cut",YKK brass zipper,Large area for decoration,Flat wide ties,Double-layered hood with flat wide ties,Narrow sleeves
https://printexpress.pl/en/product/russell-mens-unbuttoned-sweatshirt/,Russell men's unbuttoned sweatshirt - Z266,Combed ring spun cotton,280 gsm,"80% cotton / 20% polyester,",Outer fabric: 100% cotton,3-layer fabric,"Simple, modern cut",YKK brass zipper,Large area for decoration,Flat wide ties,Double-layered hood with flat wide ties,Narrow sleeves
https://printexpress.pl/en/product/zippered-sweatshirt-hoodless-womens/,"Zippered sweatshirt, hoodless, women's Russell - z267f","Outside: 100% cotton, inside: 80% cotton / 20% polyester",280 gsm,Herringbone neck reinforcement tape,Narrower shoulders and arms,Bottom and cuffs with wider cut with elastane,"Concealed seam on shoulders, cuffs and hem",Sewn-in pockets of the same material,Cadet type collar,Covered metal YKK (Antique Silver) zipper.,Side inset pockets,Combed fleece
https://printexpress.pl/en/product/zip-up-sweatshirt-hoodless-mens/,"Zip-up sweatshirt, hoodless, men's Russell - Z267",Combed ring spun cotton,280 gsm,"80% cotton / 20% polyester, Outer fabric: 100% cotton",3-layer fabric,Straight cut,Surface ideal for marking,Herringbone fabric neck reinforcement tape,Cadet type collar,Narrow sleeves,Wide ribbing on sleeves and bottom of sweatshirt,"Concealed stitching on shoulders, cuffs and hem"
https://printexpress.pl/en/product/mens-kangaroo-hoodie-russell/,Men's kangaroo hoodie Russell - Z265,280 gsm,"80% cotton / 20% polyester,",Outer fabric: 100% cotton,Double-layered hood with drawstring channel,flat long strings with buttonholes,wider ribbing on the sleeves and at the bottom of the sweatshirt,slimmer shoulders with seams on the outside,reinforcement tape on the neck (herringbone pattern ),patch “kangaroo pocket”,MP3 output,"topstitching around the arms, sleeves and bottom of the sweatshirt"
https://printexpress.pl/en/product/womens-kangaroo-sweatshirt-russell/,Women's kangaroo sweatshirt Russell - Z265F,Combed ring spun cotton,280 g/m²,"80% cotton / 20% polyester, Outer fabric: 100% cotton",3-layer fabric,Women’s cut,"Flat, wide shoulder straps","Double-layered hood with flat, wide drawstrings",Narrow sleeves with seams offset to the front,"Concealed seams at armholes, cuffs and hem",Herringbone reinforcement tape at the nape of the neck,Headphone outlet
https://printexpress.pl/en/product/mens-round-neck-t-shirt/,Men's Round Neck T-Shirt Build Your Brand - BY004,Single jersey,180 gsm,"100% cotton (Grey: 90% cotton / 10% viscose), (Charcoal: 60% cotton / 40% polyester).",Neutral size label (no manufacturer’s logo),Straight-sewn sleeves,Reinforcement tape on the neck,Ribbed neckline,Double stitching at the bottom of the shirt,"Long, slim cut","The clothing manufacturer allows a margin of size error of up to +/- 2,5 cm or 5%.",
https://printexpress.pl/en/product/childrens-polo-stanleystella-mini-sprinter/,Children's polo Stanley&Stella Mini Sprinter - STPK908,The minimum order is a total of 20 garments. There can be different products from the brand and a mix of sizes and colors in one order.,The price depends on the color of the T-shirt chosen (individual pricing),"Piqué, 100% Cotton – Organic Ring Spun Combed, Fabric washed,",220 GSM,Flat knit rib on collar and sleeve hem,Inside back neck tape in single jersey,Front placket with 2 buttons in matching body colour,Slit at side seams with single jersey facing,Single needle topstitch at shoulder seams,Bottom hem with narrow double topstitch,Back length is longer than front length
https://printexpress.pl/en/product/womens-polo-luxury/,Women's polo Luxury Tee Jays - TJ145,95% cotton / 5% elastane,215 g/m²,Mini piqué,Tailored,Flat woven collar with elastane,Neck reinforcement tape in contrasting color,Decorated,Reinforcing tape at the neck,Ring-spun organic cotton,Buttons with “Tee Jays” branding,Ringgesponnene Bio-Baumwolle
https://printexpress.pl/en/product/mens-polo-luxury/,Men's polo Luxury Tee Jays - TJ1405,95% cotton / 5% elastane,215 gsm,Mini pique,Tailored,Flat woven collar with elastane,Neck reinforcement tape in contrasting color,Decorated,Neck reinforcement tape,Organic ring spun cotton,Buttons with “Tee Jays” branding,"The clothing manufacturer allows a margin of size error of up to +/- 2,5 cm or 5%."
https://printexpress.pl/en/product/unisex-polo-stanleystella-prepster/,Unisex polo Stanley&Stella Prepster - STPU331,The minimum order is a total of 20 garments. There can be different products from the brand and a mix of sizes and colors in one order.,Price depends on the color of t-shirt selected (individual pricing),"Piqué, 100% cotton – Organic Ring Spun Combed, washed fabric",230 g,Flat ribbing on the collar and at the bottom of the sleeves,Inner neck reinforcement tape of single jersey fabric,Front closure with 2 buttons in matching jersey color,Side seam slit with heavy single jersey hem,Single stitch on shoulder seams,Bottom with narrow double top stitching,"The clothing manufacturer allows a margin of size error of up to +/- 2,5 cm or 5%."
https://printexpress.pl/en/product/womens-polo-stanleystella-elliser/,Women's polo Stanley&Stella Elliser - STPW333,,,,,,,,,,,
https://printexpress.pl/en/product/mens-t-shirt-my-polo/,Men's shirt My Polo B&C - PU426,"100% cotton (Sport Grey: 90% cotton / 10% viscose), (Heather Blue, Heather Burgundy, Heather Grey Fog: 80% cotton / 20% polyester), (Heather Tarmac: 60% cotton / 40% polyester)",210 gsm,Pre-washed Optimium™ ring-spun cotton.,Classic style with a modern twist,Loose fit,"Perfectly sized, ribbed 1×1 cuff",Reinforced button placket with 2 buttons,Ribbed 1×1 collar,Shoulder seam with reinforcement tape,Herringbone reinforcement tape at neck and side slits,Fine Piqué
https://printexpress.pl/en/product/womens-polo-my-polo/,Women's polo My Polo B&C - PW463,"100% cotton (Sport Grey: 90% cotton / 10% viscose), (Heather Blue, Heather Burgundy, Heather Grey Fog: 80% cotton / 20% polyester), (Heather Tarmac: 60% cotton / 40% polyester)",210 gsm,Pre-washed Optimium™ ring-spun cotton.,Classic style with a modern twist,Loose fit,Ribbed 1×1 cuff,Modern reinforced trim with 2 buttons,Ribbed collar 1×1,Shoulder seam with reinforcement tape,Herringbone reinforcement tape at neck and side slits,Fine Piqué
https://printexpress.pl/en/product/polo-unisex-victory/,Polo unisex Victory Malfini - 217,"Interlock quilt, 100% polyester",quick-drying material,ideal for sports and physical activities,cut with side seams,1:1 rib knit collar,pleats with 3 buttons in the color of the fabric,inner part of the trim finished with tape made of the same material as the shirt,seam on shoulders reinforced with tape,fabric suitable for sublimation (bright colors),"The clothing manufacturer allows a margin of size error of up to +/- 2,5 cm or 5%.",
https://printexpress.pl/en/product/t-shirt-women-extended-shoulder-tee/,T-shirt women Extended Shoulder Tee Build Your Brand - BY021,"100% cotton (Grey: 90% cotton / 10% viscose), (Charcoal: 60% cotton / 40% polyester)",140 gsm,Fashionable long cut shirt in light jersey fabric,Neutral size label (without manufacturer’s logo),Flared sleeves,Turn-up sleeve edges,Narrow ribbed piping on neckline and sleeve trim,"The clothing manufacturer allows a margin of size error of up to +/- 2,5 cm or 5%.",,,
https://printexpress.pl/en/product/childrens-polo-pique/,Children's polo Pique Malfini - 222,"Pique, 65% cotton, 35% polyester (color 12 composition may vary – 85% cotton, 15% viscose)",cut with side seams,collar and cuffs with double decorative embossing in 1:1 rib knit fabric,narrow pleats with 3 buttons in the color of the fabric,inner part of piping finished with tape made of the same material as the shirt,seam on shoulders reinforced with tape,"The clothing manufacturer allows a margin of size error of up to +/- 2,5 cm or 5%.",,,,
https://printexpress.pl/en/product/womens-polo-cotton/,Women's polo Cotton Malfini - 213,"Pique, 100% cotton (composition may vary – color 03 – 97% cotton, 3% viscose, color 12 – 85% cotton, 15% viscose)",170 gsm,Fitted cut with slits at the ends of the side seams,collar and piping in 1:1 rib knit fabric,narrow pleats with 5 buttons in the color of the fabric,inner part of piping finished with tape made of the same fabric as the shirt,seam on shoulders reinforced with tape,pocket wrapped separately for easier labeling,D3 – Limited edition (color 06 in a darker shade),"The clothing manufacturer allows a margin of size error of up to +/- 2,5 cm or 5%.",
https://printexpress.pl/en/product/mens-polo-cotton/,Men's polo Cotton Malfini - 212,"Pique, 100% cotton (composition may vary – color 03 – 97% cotton, 3% viscose, color 12 – 85% cotton, 15% viscose)",100 % cotton,170 gsm,cut with slits at the ends of the side seams,collar and piping made of 1:1 rib knit,pleats with 3 buttons in the color of the fabric,inner part of piping finished with tape made of the same fabric as the shirt,seam on shoulders reinforced with tape,pocket packaged separately for easier labeling,D3 – Limited edition (color 06 in a darker shade),"The clothing manufacturer allows a margin of size error of up to +/- 2,5 cm or 5%."
https://printexpress.pl/en/product/womens-polo-pique/,Women's polo Pique Malfini - 210,"Pique, 65% cotton , 35% polyester (composition may vary – color 03 – 97% cotton, 3% viscose, color 12 – 85% cotton, 15% viscose)",200 gsm,fitted cut with side seams,collar and cuffs with double decorative embossing in 1:1 rib knit,narrow pleats with 5 buttons in the color of the fabric,inner part of piping finished with tape of the same material as the shirt,seam on shoulders reinforced with tape,D3 – Limited edition (color 06 in a darker shade),"The clothing manufacturer allows a margin of size error of up to +/- 2,5 cm or 5%.",,
https://printexpress.pl/en/product/mens-polo-pique/,Men's polo Pique Malfini - 203,"Pique, 65% cotton , 35% polyester (composition may vary – color 03 – 97% cotton, 3% viscose, color 12 – 85% cotton, 15% viscose)",200 gsm,cut with side seams,collar and cuffs with double decorative embossing in 1:1 rib knit,pleats with 3 buttons in the color of the fabric,inner part of piping finished with tape made of the same material as the shirt,seam on shoulders reinforced with tape,D3 – Limited edition (color 06 in a darker shade),"The clothing manufacturer allows a margin of size error of up to +/- 2,5 cm or 5%.",,
https://printexpress.pl/en/product/mens-polo-single-j/,Men's polo Single J. Malfini - 202,"Single Jersey, 100% cotton (composition may vary – color 03 – 97% cotton, 3% viscose, color 12 – 85% cotton, 15% viscose)",silicone finish (smooth material),cut with side seams,1:1 rib knit collar,pleats with 2 buttons in the color of the fabric,inner part of piping finished with tape of the same material as the shirt,shoulder seam reinforced with tape,"The clothing manufacturer allows a margin of size error of up to +/- 2,5 cm or 5%.",,,
https://printexpress.pl/en/product/womens-polo-single-j/,Women's polo Single J. Malfini - 223,"Single Jersey, 100% cotton (color 12 composition may vary – 85% cotton, 15% viscose), silicone finish",Silicone finish (smooth material),fitted cut with side seams,1:1 rib knit collar,narrow pleats with 4 buttons in the color of the fabric,inner part of piping finished with tape of the same material as the shirt,seam on shoulders reinforced with tape,"color 12 composition may vary – 85% cotton, 15% viscose), silicone finish","The clothing manufacturer allows a margin of size error of up to +/- 2,5 cm or 5%.",,
https://printexpress.pl/en/product/womens-tank-top-valueweight-vest-fruit-of-the-loom/,Women's tank top Valueweight Vest Fruit of the Loom - 61-376-0,100% cotton (Heather Grey: 97% cotton / 3% polyester),165 g/m² (White: 160 g/m²),Contoured side seams for a feminine fit,Piping around the neckline and armpit hem in the same color,Fine-weave fabric,"The clothing manufacturer allows a margin of size error of up to +/- 2,5 cm or 5%.",,,,,
https://printexpress.pl/en/product/mens-t-shirt-shaped-long-tee/,Men's t-shirt Shaped Long Tee Build Your Brand - BY028,"100% cotton (Charcoal: 60% cotton / 40% polyester), (Heather Grey: 90% cotton / 10% viscose)",140 gsm,Lightweight single jersey knit,Neutral size label (no manufacturer’s logo),Long cut,Fashionable cut,Straight-sewn sleeves,Reinforcement tape on the neck,Narrow ribbed piping on neckline and sleeve trim,Double stitching at the bottom of the shirt,"The clothing manufacturer allows a margin of size error of up to +/- 2,5 cm or 5%."
https://printexpress.pl/en/product/childrens-t-shirt-fantasy/,Children's T-shirt Fantasy Malfini - 147,122 cm/6 years-158 cm/12 years,"Interlock quilt, 100% polyester",quick-drying material,cut with side seams,original neckline,reinforcing seam on shoulders,ideal for sports and physical activities,fabric suitable for sublimation (bright colors),"The clothing manufacturer allows a margin of size error of up to +/- 2,5 cm or 5%.",,
https://printexpress.pl/en/product/mens-tank-top-valueweight-vest-fruit-of-the/,Men's tank top Valueweight Vest Fruit of the - 61-098-0,100% cotton (Heather Grey: 97% cotton / 3% polyester),165 gsm (White: 160 gsm),Piping around the neckline and armpit hem in the same color,Fine weave fabric,"The clothing manufacturer allows a margin of size error of up to +/- 2,5 cm or 5%.",,,,,,
https://printexpress.pl/en/product/mens-t-shirt-fantasy/,Men's T-shirt Fantasy Malfini - 124,"Interlock quilt, 100% polyester",quick-drying material,cut with side seams,original neckline,reinforcing seam on shoulders,ideal for sports and physical activities,fabric suitable for sublimation (bright colors),"The clothing manufacturer allows a margin of size error of up to +/- 2,5 cm or 5%.",,,
https://printexpress.pl/en/product/womens-t-shirt-fantasy/,Women's T-shirt Fantasy Malfini - 140,"Interlock quilt, 100% polyester",quick-drying fabric,fitted cut with side seams,narrow neckline made of face fabric,neck piping reinforced with top fabric tape,reinforcement seam on shoulders,ideal for sports and physical activities,fabric suitable for sublimation (bright colors),"The clothing manufacturer allows a margin of size error of up to +/- 2,5 cm or 5%.",,
https://printexpress.pl/en/product/mens-tank-top-justin-sols/,Men's Tank Top Justin SOL's - 11465,100% cotton,150 gsm,Ribbed trims,Cut without side seams,Semi-brushed ringspun cotton,"The clothing manufacturer allows a margin of size error of up to +/- 2,5 cm or 5%.",,,,,
https://printexpress.pl/en/product/womens-tank-top-inspire-bc/,Women's Tank Top Inspire B&C - TW073,100% cotton (Sports Grey: 90% cotton / 10% viscose),140 g/m²,Certifications: organic cotton Vegan Fair Working Conditions Oeko-Tex 100 Organic Cotton in Conversion,Pre-washed combed ring-spun cotton certified Organic or Organic in Conversion,“B&C No Label” solution for easy rebranding,Slightly fitted cut,Piping on the neckline,Tear-off label (made from recycled paper),Side seams,"B&C, sources 100% of the fiber for all cotton-based products sustainably","The clothing manufacturer allows a margin of size error of up to +/- 2,5 cm or 5%."
https://printexpress.pl/en/product/mens-tank-top-inspire-bc/,Men's Tank Top Inspire B&C - TM072,100% cotton (Sports Grey: 90% cotton / 10% viscose),140 g/m²,Certifications: organic cotton Vegan Fair Working Conditions Oeko-Tex 100 Organic Cotton in Conversion,Pre-washed combed ring-spun cotton certified Organic or Organic in Conversion,“B&C No Label” solution for easy rebranding,Slightly fitted cut,Piping on the neckline,Tear-off label (made from recycled paper),"B&C, sources 100% of the fiber for all cotton-based products sustainably","The clothing manufacturer allows a margin of size error of up to +/- 2,5 cm or 5%.",
https://printexpress.pl/en/product/mens-long-sleeve-imperial-sols/,Men's Long Sleeve Imperial SOL's - 02074,100% cotton (Grey Melange: 85% cotton / 15% viscose) (Charcoal Melange: 60% cotton / 40% polyester),190 gsm,Ribbed round neckline with elastane,Long sleeves,Cut without side seams,Reinforcement tape at the neck,Tear-off label,"The clothing manufacturer allows a margin of size error of up to +/- 2,5 cm or 5%.",,,
https://printexpress.pl/en/product/womens-t-shirt-long-sleeve-bc/,Women's T-Shirt Long Sleeve B&C - TW08T,100% cotton (Sport Grey: 85% cotton / 15% viscose),185 gsm,Certifications: Vegan Fair Working Conditions Oeko-Tex 100 Better cotton (BCI cotton).,Pre-washed ring spun cotton,Side seams,Narrow ribbed neckline trim,Satin label,"When you purchase this product from B&C, you are supporting responsible cotton production through Better Cotton*. B&C, sources 100% of the fiber for all cotton-based products sustainably. *This product comes from a mass balance system and therefore may not contain Better Cotton.","The clothing manufacturer allows a margin of size error of up to +/- 2,5 cm or 5%.",,
https://printexpress.pl/en/product/mens-t-shirt-long-sleeve-bc/,Men's T-Shirt Long Sleeve B&C - TU07T,100% cotton (Sport Grey: 85% cotton / 15% viscose),185 gsm,Certifications: Vegan Fair Working Conditions Oeko-Tex 100 Better cotton (BCI cotton).,Pre-washed ring spun cotton,No side seams,Narrow ribbed neckline trim,Reinforcement tape at the neck,Satin label,"When you purchase this product from B&C, you are supporting responsible cotton production through Better Cotton*. B&C, sources 100% of the fiber for all cotton-based products sustainably. *This product comes from a mass balance system and therefore may not contain Better Cotton.","The clothing manufacturer allows a margin of size error of up to +/- 2,5 cm or 5%.",
https://printexpress.pl/en/product/womens-tank-top-justin-sols/,Women's Tank Top Justin SOL’s - 01826,100% cotton (Grey Melange: 85% cotton / 15% viscose),150 gsm,Racerback,Side seams,Semi-sheer ring spun cotton,Piping on neckline and armpit line trim,"The clothing manufacturer allows a margin of size error of up to +/- 2,5 cm or 5%.",,,,
https://printexpress.pl/en/product/womens-long-sleeve-imperial-sols/,Women's Long Sleeve Imperial SOL’s - 02075,100% cotton (Grey Melange: 85% cotton / 15% viscose) (Charcoal Melange: 60% cotton / 40% polyester),190 gsm,"Round, ribbed neckline",Long sleeves,Side seams,Fitted cut,Reinforcement tape on the neck,"The clothing manufacturer allows a margin of size error of up to +/- 2,5 cm or 5%.",,,
https://printexpress.pl/en/product/infant-t-shirt-baby-t-babybugz/,Infant t-shirt Baby T BABYBUGZ - BZ02,"100% cotton (Heather Grey Melange: 85% cotton / 15% polyester), (Mocha, Heather Blue, Charcoal Grey Melange: 60% cotton / 40% polyester)",200 gsm,Certifications: organic cotton Vegan Fair Working Conditions Oeko-Tex 100 Organic cotton in conversion,"Combed ring spun cotton, organic or in conversion to organic",Interlock,Ribbed neckline trim with elastane,"Nickel-free snap closure, on the shoulder","Flat, covered seam around the neck, on the sleeves and at the hem",Tear-off label,Metka odrywana,"The clothing manufacturer allows a margin of size error of up to +/- 2,5 cm or 5%."
https://printexpress.pl/en/product/long-sleeve-bodysuit-babybugz/,Long sleeve Bodysuit Babybugz - BZ30,100% cotton (Heather Grey Melange: 85% cotton / 15% polyester),200 gsm,Certifications: organic cotton Vegan Fair Working Conditions Oeko-Tex 100,Organic combed ring-spun cotton,"Organic cotton, organic Interlock",Envelope neckline finish,"Sleeves, neckline and leg cutouts trimmed with piping",Fastening at the crotch with nickel-free snaps,"The clothing manufacturer allows a margin of size error of up to +/- 2,5 cm or 5%.",,
https://printexpress.pl/en/product/bodysuits-baby-bodysuit-babybugz/,Bodysuits Baby Bodysuit Babybugz - BZ10,"100% cotton (Heather Grey Melange: 85% cotton / 15% viscose), (Mocha, Charcoal Grey Melange, Heather Blue: 60% cotton / 40% polyester)",200 gsm,Certifications: organic cotton Vegan Fair Working Conditions Oeko-Tex 100 Organic cotton in conversion,"Combed ring spun cotton, organic or in conversion to organic",Interlock,Envelope neckline finish,Narrow piping finishing the neckline and sleeves,Closure at the crotch with nickel-free snaps,"The clothing manufacturer allows a margin of size error of up to +/- 2,5 cm or 5%.",,
https://printexpress.pl/en/product/mens-t-shirt-stanleystella-crafter/,Men's T-shirt Stanley&Stella Crafter - STTU170,The minimum order is a total of 20 garments. There can be different products from the brand and a mix of sizes and colors in one order.,The price depends on the color of the T-shirt chosen (individual pricing),"Single Jersey, 100% Cotton – Organic Ring Spun Combed","Fabric washed, 155 GSM",Set-in sleeve,1×1 rib at neck collar,Inside back neck tape in self fabric,Twin needle topstitch at sleeve cuff and hem,"The clothing manufacturer allows a margin of size error of up to +/- 2,5 cm or 5%.",,
https://printexpress.pl/en/product/womens-t-shirt-stanleystella-stella-serena/,Women's T-Shirt Stanley&Stella - Stella Serena - STTW173,The minimum order is a total of 20 garments. There can be different products from the brand and a mix of sizes and colors in one order.,The price depends on the color of the T-shirt chosen (individual pricing),"Single Jersey, 100% Cotton – Organic Ring Spun Combed,","Fabric washed,",155 GSM,Set-in sleeve,Self fabric inserted neck binding,Inside back neck tape in self fabric,Narrow twin needle topstitch at sleeve cuff and hem,"The clothing manufacturer allows a margin of size error of up to +/- 2,5 cm or 5%.",
https://printexpress.pl/en/product/koszulka-dziecieca-stanleystella-mini-creator-2-0/,Koszulka dziecięca Stanley&Stella Mini Creator 2.0 - STTK184,The minimum order is a total of 20 garments. There can be different products from the brand and a mix of sizes and colors in one order.,The price depends on the color of the T-shirt chosen (individual pricing),Shell – Single Jersey,100% Cotton – Organic Ring Spun Combed,155 GSM,Fabric washed,1×1 rib at neck collar,Inside back neck tape in self fabric,Narrow twin needle topstitch at sleeve cuff and hem,"The clothing manufacturer allows a margin of size error of up to +/- 2,5 cm or 5%.",
https://printexpress.pl/en/product/t-shirt-oversize-stanleystella-blaster/,T-shirt oversize Stanley&Stella Blaster - STTU815,The minimum order is a total of 20 garments. There can be different products from the brand and a mix of sizes and colors in one order.,Price depends on the color of the jersey selected (individual pricing),"Single Jersey, 100% cotton – Organic Ring Spun Combed, washed fabric,",200 GSM,Dropped shoulders,Wide 1×1 collar with single stitching,Internal reinforcing tape at the nape of the neck,Wide double ribbing at sleeves,"The clothing manufacturer allows a margin of size error of up to +/- 2,5 cm or 5%.",,
https://printexpress.pl/en/product/womens-t-shirt-stanleystella-ella/,Women's T-shirt Stanley&Stella - Ella - STTW174,The minimum order is a total of 20 garments. There can be different products from the brand and a mix of sizes and colors in one order.,Price depends on the color of the T-shirt chosen (individual pricing),"Loose single Jersey knit, 100% cotton – organic, panel washed,",180 GSM,1×1 ribbing at the collar,Reinforcement tape at the neck,Two-needle stitch at the cuffs and bottom of the sweatshirt,"The clothing manufacturer allows a margin of size error of up to +/- 2,5 cm or 5%.",,,
https://printexpress.pl/en/product/t-shirt-unisex-stanleystella-creator-2-0/,T-shirt unisex Stanley&Stella Creator 2.0 - STTU169,The minimum order is a total of 20 garments. There can be different products from the brand and a mix of sizes and colors in one order.,Price depends on the color of the jersey selected (individual pricing),"Single Jersey, 100% cotton – Organic Ring Spun Combed, washed fabric,",180 GSM,1×1 ribbing at the collar,Reinforcement tape at the neck,Double stitching at the cuffs and bottom of the sweatshirt,"The clothing manufacturer allows a margin of size error of up to +/- 2,5 cm or 5%.",,,
https://printexpress.pl/en/product/mens-t-shirt-interlock-tee-jays/,Men's T-shirt Interlock Tee Jays - 520,100% cotton,220 g/m²,Certifications: organic cotton Fair Working Conditions Oeko-Tex 100,Organic combed long-staple ring spun / interlock cotton,Subjected to enzyme washing,Double stitched,Double decatted,Enzyme wash,"The clothing manufacturer allows a margin of size error of up to +/- 2,5 cm or 5%.",,
https://printexpress.pl/en/product/womens-t-shirt-interlock-tee-jays/,Women's T-shirt Interlock Tee Jays - 580,100% cotton,220 g/m²,Certifications: organic cotton Fair Working Conditions Oeko-Tex 100 Organic cotton in conversion,Organic combed long-staple ring spun cotton,Subjected to enzyme washing,Double stitched,Ribbed neckline with elastane,Double decatted,"The clothing manufacturer allows a margin of size error of up to +/- 2,5 cm or 5%.",,
https://printexpress.pl/en/product/mens-t-shirt-luxury-tee-jays/,Men's T-shirt Luxury Tee Jays - TJ5000,100% cotton,160 gsm,Certifications: organic cotton Fair Working Conditions Oeko-Tex 100,Organic cotton,Tailored,Reinforcement tape on shoulders,Double decatted,Double stitched,Raglan sleeves,Enzyme wash,"The clothing manufacturer allows a margin of size error of up to +/- 2,5 cm or 5%."
https://printexpress.pl/en/product/childrens-t-shirt-regent-sols/,Children's T-shirt Regent SOL's - 11970,"100% cotton (Ash: 98% cotton / 2% viscose), (Grey Melange: 85% cotton / 15% viscose)",150 gsm,Reinforcement tape on the neck,Ribbed neckline with elastane,2-6 years: side seams; from 8 years: no seams,Semi-brushed ringspun cotton,"The clothing manufacturer allows a margin of size error of up to +/- 2,5 cm or 5%.",,,,
https://printexpress.pl/en/product/unisex-t-shirt-sublima-sols/,Unisex T-shirt Sublima SOL's - 11775,100% polyester,160 gsm,Collar with elastane,Side seams,Cotton-like feel,"The clothing manufacturer allows a margin of size error of up to +/- 2,5 cm or 5%.",,,,,
https://printexpress.pl/en/product/mens-t-shirt-imperial-v-neck-sols/,Men's T-shirt Imperial v-neck SOL's - 02940,100% cotton (Grey Melange: 85% cotton / 15% viscose),190 gsm,Jersey 190. 100% semi-sheer ring spun cotton,Reinforcement tape on the neck,Ribbed collar,Pointed neckline,Short sleeves,No side seams,Tear-off label,"The clothing manufacturer allows a margin of size error of up to +/- 2,5 cm or 5%.",
https://printexpress.pl/en/product/womens-t-shirt-imperial-v-neck-sols/,Women's T-shirt Imperial v-neck SOL's - 02941,100% cotton (Grey Melange: 85% cotton / 15% viscose),190 gsm,Jersey 190. 100% semi-sheer ring spun cotton,Reinforcement tape on the neck,Ribbed collar,Pointed neckline,Short sleeves,Side seams,Detachable label,"The clothing manufacturer allows a margin of size error of up to +/- 2,5 cm or 5%.",
https://printexpress.pl/en/product/mens-t-shirt-regent-sols/,Men's T-shirt Regent SOL's - 11380,"100% cotton (Grey Melange: 85% cotton / 15% viscose), (Ash: 98% cotton / 2% viscose)",150 gsm,Neckline finished with ribbed knit with a touch of elastane,Reinforcement tape on the neck,Cut without side seams,Semi-brushed ringspun cotton,"The clothing manufacturer allows a margin of size error of up to +/- 2,5 cm or 5%.",,,,
https://printexpress.pl/en/product/womens-t-shirt-regent-sols/,Women's T-shirt Regent SOL's - 01825,"100% cotton (Grey Melange: 85% cotton / 15% viscose), (Ash: 98% cotton / 2% viscose)",150 gsm,Short sleeves,Fitted cut,Side seams,Semi-sheer ring spun cotton,Reinforcement tape at neck,Ribbed collar,"The clothing manufacturer allows a margin of size error of up to +/- 2,5 cm or 5%.",,
https://printexpress.pl/en/product/mens-t-shirt-imperial-sols/,Men's T-shirt Imperial SOL’s - 11500,"100% cotton (Grey Melange: 85% cotton / 15% viscose), (Ash: 98% cotton / 2% viscose)",190 gsm,Semi-brushed ringspun cotton,Reinforcement tape at the nape of the neck,Neckline finished with ribbed knit with a touch of elastane,No side seams,Heavy Jersey fabric,"The clothing manufacturer allows a margin of size error of up to +/- 2,5 cm or 5%.",,,
https://printexpress.pl/en/product/childrens-t-shirt-imperial-sols/,Children's T-shirt Imperial SOL’s - 11770,100% cotton,190 gsm,Semi-brushed ringspun cotton,Reinforcement tape on the neck,Ribbed neckline with elastane,"Sizes 86-94 and 96-104 with side seams, others without side seams","The clothing manufacturer allows a margin of size error of up to +/- 2,5 cm or 5%.",,,,
https://printexpress.pl/en/product/mens-t-shirt-fit-regent-sols/,Men's T-shirt FIT Regent SOL’s - 00553,"100% cotton (Heather Pink, Heather Sky, Charcoal Melange, Heather Oxblood, Heather Khaki, Heather Denim: 60% cotton / 40% polyester), (Grey Melange: 85% cotton / 15% viscose).",150 gsm,100% semi-sheer ring-spun cotton,Reinforcement tape at the neck,"Elasticized, ribbed neckline",Short sleeves,Side seams,Fitted cut,Non-logo tag at the nape of the neck,"The clothing manufacturer allows a margin of size error of up to +/- 2,5 cm or 5%.",
https://printexpress.pl/en/product/mens-t-shirt-fit-imperial-sols/,Men's T-shirt FIT Imperial SOL's - 00580,"100% cotton (Grey Melange: 85% cotton / 15% viscose), (Charcoal Melange, Heather Oxblood, Heather Khaki, Heather Denim: 60% cotton / 40% polyester)",190 gsm,100% semi-sheer ring-spun cotton,Reinforcement tape at the nape of the neck,Ribbed neckline with elastane,Side seams,Fitted cut,Tag without logo on the neck,"The clothing manufacturer allows a margin of size error of up to +/- 2,5 cm or 5%.",,
https://printexpress.pl/en/product/mens-t-shirt-v-neck-inspire-organic-bc/,Men's T-shirt v-neck Inspire organic B&C - TM044,100% cotton,140 g/m²,Certifications: organic cotton Vegan Fair Working Conditions Oeko-Tex 100 Organic Cotton in Conversion,Pre-washed combed ring-spun cotton certified Organic or Organic in Conversion,“B&C No Label” solution for easy rebranding,Side seams,Slightly fitted cut,"Thin, medium-deep V-shaped collar",Neck and shoulder seams are reinforced with soft binding and clear printing,Tear-off label (made from recycled paper),"B&C, sources 100% of the fiber for all cotton-based products in a sustainable manner"
https://printexpress.pl/en/product/womens-t-shirt-imperial-sols/,Women's T-shirt Imperial SOL’s - 11502,"100% cotton (Grey Melange: 85% cotton / 15% viscose), (Ash: 98% cotton / 2% viscose)",190 gsm,Reinforcement tape on the neck,Ribbed neckline. Side seams,Semi-brushed ringspun cotton,"The clothing manufacturer allows a margin of size error of up to +/- 2,5 cm or 5%.",,,,,
https://printexpress.pl/en/product/womens-t-shirt-inspire-e150-organic-bc/,Women's T-shirt Inspire E150 organic B&C - TW02B,100% Cotton (Heather Grey: 90% Cotton / 10% Viscose),145 g/m²,Certifications: organic cotton Vegan Fair Working Conditions Oeko-Tex 100 Organic Cotton in Conversion,Pre-washed combed ring-spun cotton certified Organic or Organic in Conversion,Side seams,Narrow ribbed neckline trim,“B&C No Label” solution for easy rebranding,Easy size identification thanks to the neck label,Tear-off label (made from recycled paper),"B&C, sources 100% of the fiber for all cotton-based products in a sustainable manner","The clothing manufacturer allows a margin of size error of up to +/- 2,5 cm or 5%."
https://printexpress.pl/en/product/mens-t-shirt-inspire-e150-organic-bc/,Men's T-shirt Inspire E150 organic B&C - TU01B,100% cotton (Heather Grey: 90% cotton / 10% viscose),145 g/m²,Certifications: organic cotton Vegan Fair Working Conditions Oeko-Tex 100 Organic cotton in conversion,Pre-washed ring-spun combed cotton certified Organic or Organic in conversion,No side seams,Narrow ribbed neckline finish,Reinforcement tape at the neck,“B&C No Label” solution for easy rebranding,Easy size identification thanks to the neck tag,Tear-off label (made from recycled paper),"B&C, sources 100% of the fiber for all cotton-based products in a sustainable way"
https://printexpress.pl/en/product/womens-t-shirt-v-neck-inspire-organic-bc/,Women's T-shirt v-neck Inspire organic B&C - TW045,100% cotton,140 g/m²,Certifications: organic cotton Vegan Fair Working Conditions Oeko-Tex 100 Organic Cotton in Conversion,Pre-washed combed ring-spun cotton certified Organic or Organic in Conversion,“B&C No Label” solution for easy rebranding,Neck and shoulder seams reinforced with soft hems,Side seams,Medium deep pointed collar,Neck and shoulder seams reinforced with soft hem,Tear-off label (made from recycled paper),"B&C, sources 100% of the fiber for all cotton-based products in a sustainable manner"
https://printexpress.pl/en/product/childrens-t-shirt-exact-190-bc/,Children's T-shirt Exact 190 B&C - TK301,,,,,,,,,,,
https://printexpress.pl/en/product/mens-t-shirt-exact-150-bc/,Men's T-shirt Exact 150 B&C - TU01T,"100% cotton (Sport Grey: 85% cotton / 15% viscose), (Ash: 99% cotton / 1% viscose)",145 gsm,Pre-washed ring spun cotton,No side seams,Narrow ribbed neckline trim,Reinforcement tape at the neck,Satin label,"When you purchase this product from B&C, you are supporting responsible cotton production through Better Cotton*. B&C, sources 100% of the fiber for all cotton-based products sustainably. *This product comes from a mass balance system and therefore may not contain Better Cotton.","The clothing manufacturer allows a margin of size error of up to +/- 2,5 cm or 5%.",,
https://printexpress.pl/en/product/childrens-t-shirt-exact-150-bc/,Children's T-shirt Exact 150 B&C - BCTK300,"100% Cotton (Sport Grey: 85% Cotton / 15% Viscose), (Ash: 99% Cotton / 1% Viscose)",145 gsm,Pre-washed ring spun cotton,2-ply round neckline,Neckline finished with 1×1 ribbed knit with elastane blend,Reinforcement tape on the neck,Double stitching on sleeve cuffs and bottom of shirt,No side seams,"When you purchase this product from B&C, you are supporting responsible cotton production through Better Cotton*. B&C, sources 100% of the fiber for all cotton-based products sustainably. *This product comes from a mass balance system and therefore may not include Better Cotton.","The clothing manufacturer allows a margin of size error of up to +/- 2,5 cm or 5%.",
https://printexpress.pl/en/product/womens-t-shirt-exact-190-bc/,Women's T-shirt Exact 190 B&C - TW04T,"100% cotton (Sport Grey: 85% cotton / 15% viscose), (Ash: 99% cotton / 1% viscose)",185 gsm,Pre-washed ring spun cotton,Side seams,Narrow cutout at neckline,Satin label,"When you purchase this product from B&C, you are supporting responsible cotton production through Better Cotton*. B&C, sources 100% of the fiber for all cotton-based products sustainably. *This product comes from a mass balance system and therefore may not include Better Cotton.","The clothing manufacturer allows a margin of size error of up to +/- 2,5 cm or 5%.",,,
https://printexpress.pl/en/product/mens-t-shirt-exact-190-bc/,Men's T-shirt Exact 190 B&C - TU03T,"100% cotton (Sport Grey: 85% cotton / 15% viscose), (Ash: 99% cotton / 1% viscose)",185 gsm,Pre-washed ring spun cotton,No side seams,Narrow ribbed neckline trim,Reinforcement tape at the neck,Satin label,"When you purchase this product from B&C, you are supporting responsible cotton production through Better Cotton*. B&C, sources 100% of the fiber for all cotton-based products sustainably. *This product comes from a mass balance system and therefore may not contain Better Cotton.","The clothing manufacturer allows a margin of size error of up to +/- 2,5 cm or 5%.",,
https://printexpress.pl/en/product/womens-t-shirt-exact-150-bc/,Women's T-shirt Exact 150 B&C - TW02T,"100% cotton (Sport Grey: 85% cotton / 15% viscose), (Ash: 99% cotton / 1% viscose)",145 gsm,Pre-washed ring spun cotton,Side seams,Narrow ribbed neckline trim,Satin label,"When you purchase this product from B&C, you are supporting responsible cotton production through Better Cotton*. B&C, sources 100% of the fiber for all cotton-based products sustainably. *This product comes from a mass balance system and therefore may not contain Better Cotton.","The clothing manufacturer allows a margin of size error of up to +/- 2,5 cm or 5%.",,,
https://printexpress.pl/en/product/childrens-t-shirt-basic-malfini/,Children's t-shirt Basic Malfini - 138,"Single Jersey, 100% cotton (composition may vary – color 03 – 97% cotton, 3% viscose, color 12 – 85% cotton, 15% viscose), silicone finish",160 gsm,cut with side seams,narrow 1:1 rib knit piping with 5% elastane,neck piping reinforced with top fabric tape,reinforcement seam on shoulders,silicone finish,"The clothing manufacturer allows a margin of size error of up to +/- 2,5 cm or 5%.",,,
https://printexpress.pl/en/product/womens-t-shirt-v-neck-dream-malfini/,Women's T-shirt V-neck Dream Malfini - 128,"Single Jersey, 95 % cotton, 5 % elastane (color 12 composition may vary – 80 % cotton, 15 % viscose, 5 % elastane)",180 g/m²,stretch fabric that maintains shape,slim-fit cut with side seams,V-shaped neckline,neckline finished with top fabric,short raglan sleeves,"The clothing manufacturer allows a margin of size error of up to +/- 2,5 cm or 5%.",,,
https://printexpress.pl/en/product/mens-t-shirt-v-neck-malfini/,Men's T-shirt V-neck Malfini - 102,"Single Jersey, 100% cotton (composition may vary – color 03 – 97% cotton, 3% viscose, color 12 – 85% cotton, 15% viscose)",160 g/m²,no side seams,V-shaped neckline,neckline finished with 1:1 rib knit,reinforcing tape on shoulders,"The clothing manufacturer allows a margin of size error of up to +/- 2,5 cm or 5%.",,,,
https://printexpress.pl/en/product/womens-t-shirt-basic-malfini/,Women's T-shirt Basic Malfini - 134,"Single Jersey, 100% cotton (composition may vary – color 03 – 97% cotton, 3% viscose, color 12 – 85% cotton, 15% viscose), silicone finish",160 gsm,Fitted cut with side seams,Narrow 1:1 rib knit trim with 5% elastane,neck piping reinforced with top fabric tape,reinforcement seam on shoulders,silicone finish,"The clothing manufacturer allows a margin of size error of up to +/- 2,5 cm or 5%.",,,
https://printexpress.pl/en/product/mens-t-shirt-basic-malfini/,Men's T-shirt Basic Malfini - 129,"Single Jersey, 100% cotton (composition may vary – color 03 – 97% cotton, 3% viscose, color 12 – 85% cotton, 15% viscose), silicone finish",160 gsm,no side seams,narrow 1:1 rib knit piping with 5% elastane,reinforcement tape on shoulders,silicone finish,"The clothing manufacturer allows a margin of size error of up to +/- 2,5 cm or 5%.",,,,
https://printexpress.pl/en/product/womens-t-shirt-viper-malfini/,Women's T-shirt Viper Malfini - 161,"Single Jersey, 100% cotton (color 12 composition may vary – 85% cotton, 15% viscose), silicone finish",180 gsm,fitted cut with side seams,wider round piping,narrow outer fabric piping with 5% elastane,neck piping reinforced with top fabric tape,reinforcement seam on shoulders,very short sleeves,silicone finishing,"The clothing manufacturer allows a margin of size error of up to +/- 2,5 cm or 5%.",
https://printexpress.pl/en/product/womens-t-shirt-pure-malfini/,Women's T-shirt Pure Malfini - 122,"Single Jersey, 100% cotton (color 12 composition may vary – 85% cotton, 15% viscose), silicone finish",150 g/m²,fitted cut with side seams,neckline finished with top fabric,reinforcement stitching on shoulders,very short sleeves,silicone finish,"The clothing manufacturer allows a margin of size error of up to +/- 2,5 cm or 5%.",,,
https://printexpress.pl/en/product/unisex-t-shirt-heavy-malfini/,Unisex T-shirt Heavy Malfini - 110,"Single Jersey, 100% cotton (color 03 composition may vary – 97% cotton, 3% viscose)",200 gsm,no side seams,neckline finished with 1:1 rib knit with 5% elastane,reinforcing tape on shoulders,"The clothing manufacturer allows a margin of size error of up to +/- 2,5 cm or 5%.",,,,,
https://printexpress.pl/en/product/mens-t-shirt-viper-malfini/,Men's T-shirt Viper Malfini - 143,"Single Jersey, 100% cotton (color 12 composition may vary – 85% cotton, 15% viscose), silicone finish",180 gsm,slim-fit cut with side seams,slim-fit 1:1 rib knit trim with 5% elastane,neck piping reinforced with top fabric tape,reinforcement seam on shoulders,silicone finish,"The clothing manufacturer allows a margin of size error of up to +/- 2,5 cm or 5%.",,,
https://printexpress.pl/en/product/unisex-t-shirt-heavy-new-malfini/,Unisex T-shirt Heavy New Malfini - 137,"Single Jersey, 100% cotton (composition may vary: color 03 – 97% cotton, 3% viscose, color 12 – 85% cotton, 15% viscose), silicone finish",200 gsm,no side seams,narrow 1:1 rib knit piping with 5% elastane,reinforcement tape on shoulders,silicone finish,"The clothing manufacturer allows a margin of size error of up to +/- 2,5 cm or 5%.",,,,
https://printexpress.pl/en/product/cotton-bag-with-sides-carry-malfini/,Cotton bag with sides Carry Malfini - 901,"Linen weave, 100% cotton",280 gsm,higher weight cotton bag,cut with side seams,practical and easy to store,length of straps allows carrying in hand or on shoulder,cross stitching on the straps for extra strength,"bag size 43 x 43 x 12 cm, handles 70 x 2.5 cm",,,
https://printexpress.pl/en/product/cotton-bag/,Cotton bag - XT004,bag in natural color,100% cotton,144 gsm,Handle length: approx. 70 cm,Internal seams finished with overlocking,Cross stitching on the joints of the handles,Delivery without decorations,,,,
https://printexpress.pl/en/product/cotton-bag-sg/,Cotton bag SG - 601.57,140 gsm,100% cotton,Recommended to hand wash in lukewarm water only,Long handles (approx. 70 cm),Stitching on the handles for greater stability,Envelope side seams to prevent shrinking,Dimensions: 38 x 42 cm,Suitable for embroidery and screen and transfer printing (bags can be ironed),,,
https://printexpress.pl/en/product/cotton-shopping-bag/,Cotton shopping bag - XT003,Bag in a variety of colors to choose from,135 gsm,38 x 42 cm,Handle length: approx. 70 cm,Internal seams finished with overlocking,Cross stitching on the joints of the handles,Delivery without decorations,,,,
https://printexpress.pl/en/product/thick-cotton-bag-shopper-malfini/,Thick cotton bag Shopper Malfini - 921,"Linen weave, 100% cotton",195 gsm,medium weight cotton bag,practical and easy to store,length of straps allows carrying in hand or on shoulder,cross stitching on the straps for extra strength,"bag size 45 x 40 cm, handles 70 x 2.5 cm",,,,